BirdID,Date,Age,Sex,Nest,Treatment,LDIP,LBeakHue,LBeakSaturation,LBeakValue,LBeakArea,RDIP,RBeakHue,RBeakSaturation,RBeakValue,RBeakArea,RCheekHue,RCheekSaturation,RCheekValue,RCheekArea,LCheekHue,LCheekSaturation,LCheekValue,LCheekArea,BeakHueAsymmetry,BeakHueAsymmetry1,BeakSaturationAsymmetry,BeakSaturationAsymmetry1,BeakValueAsymmetry,BeakValueAsymmetry1,BeakAreaAsymmetry,BeakAreaAsymmetry1,CheekHueAsymmetry,CheekHueAsymmetry1,CheekSaturationAsymmetry,CheekSaturationAsymmetry1,CheekValueAsymmetry,CheekValueAsymmetry1,CheekAreaAsymmetry,CheekAreaAsymmetry1,ColorWheelHue,ColorWheelSaturation,ColorWheelValue
3931,12/21/2020,35,F,5,C,614,30,61,62,0.066,610,24,62,57,0.081,,,,,,,,,-6,6,1,1,-5,5,0.015,0.015,,,,,,,,,,,
3931,12/28/2020,45,F,5,C,1423,30,66,76,0.176,1448,26,67,70,0.127,,,,,,,,,-4,4,1,1,-6,6,-0.049,0.049,,,,,,,,,,,
3931,1/12/2021,60,F,5,C,1452,26,83,71,0.319,1444,20,87,65,0.341,,,,,,,,,-6,6,4,4,-6,6,0.022,0.022,,,,,,,,,,,
3931,1/27/2021,75,F,5,C,1437,28,80,84,0.51,1449,28,83,82,0.357,,,,,,,,,0,0,3,3,-2,2,-0.153,0.153,,,,,,,,,,,
3931,2/11/2021,90,F,5,C,1438,24,90,77,0.341,1428,17,87,67,0.364,,,,,,,,,-7,7,-3,3,-10,10,0.023,0.023,,,,,,,,,,,
3931,3/13/2021,120,F,5,C,1426,24,83,78,0.341,1436,14,90,59,0.363,,,,,,,,,-10,10,7,7,-19,19,0.022,0.022,,,,,,,,,,,
3932,12/20/2020,35,M,5,C,609,26,46,48,0.041,610,30,67,40,0.016,,,,0,,,,0,4,4,21,21,-8,8,-0.025,0.025,,,,,,,,,,,
3932,1/1/2021,45,M,5,C,1243,20,70,60,0.116,1275,16,68,56,0.128,,,,0,,,,0,-4,4,-2,2,-4,4,0.012,0.012,,,,,,,,,,,
3932,1/13/2021,60,M,5,C,1417,16,83,64,0.177,1402,12,73,50,0.231,36,59,52,0.042,36,64,54,0.044,-4,4,-10,10,-14,14,0.054,0.054,0,0,-5,5,-2,2,-0.002,0.002,,,
3932,1/28/2021,75,M,5,C,1406,20,62,78,0.378,1397,14,78,67,0.412,36,63,56,0.425,38,70,58,0.447,-6,6,16,16,-11,11,0.034,0.034,-2,2,-7,7,-2,2,-0.022,0.022,,,
3932,2/12/2021,90,M,5,C,1429,14,72,73,0.379,1429,8,84,62,0.333,32,84,55,0.575,28,88,47,0.48,-6,6,12,12,-11,11,-0.046,0.046,4,4,-4,4,8,8,0.095,0.095,,,
3932,3/14/2021,120,M,5,C,1406,12,77,75,0.244,1406,8,76,68,0.351,32,89,65,0.699,30,90,64,0.686,-4,4,-1,1,-7,7,0.107,0.107,2,2,-1,1,1,1,0.013,0.013,,,
3933,12/20/2020,35,F,5,C,607,146,124,110,0.026,609,26,39,42,0.023,,,,,,,,,-120,120,-85,85,-68,68,-0.003,0.003,,,,,,,,,,,
3933,1/1/2021,45,F,5,C,1584,24,80,44,0.145,512,22,81,38,0.188,,,,,,,,,-2,2,1,1,-6,6,0.043,0.043,,,,,,,,,,,
3933,1/15/2021,60,F,5,C,1402,32,78,78,0.25,1399,30,79,74,0.268,,,,,,,,,-2,2,1,1,-4,4,0.018,0.018,,,,,,,,,,,
3933,1/29/2021,75,F,5,C,1391,27,81,75,0.333,1423,28,75,77,0.268,,,,,,,,,1,1,-6,6,2,2,-0.065,0.065,,,,,,,,,,,
3933,2/13/2021,90,F,5,C,1353,26,81,80,0.332,1331,28,80,76,0.288,,,,,,,,,2,2,-1,1,-4,4,-0.044,0.044,,,,,,,,,,,
3933,3/15/2021,120,F,5,C,1438,226,136,56,0.479,1440,24,85,78,0.256,,,,,,,,,-202,202,-51,51,22,22,-0.223,0.223,,,,,,,,,,,
3934,12/21/2020,35,M,5,C,617,24,66,55,0.104,610.71,24,63,57,0.082,,,,0,,,,0,0,0,-3,3,2,2,-0.022,0.022,,,,,,,,,,,
3934,1/15/2021,60,M,5,C,1405,20,61,79,0.418,1415,16,73,69,0.343,40,55,60,0.032,36,72,58,0.053,-4,4,12,12,-10,10,-0.075,0.075,4,4,-17,17,2,2,-0.021,0.021,,,
3934,2/2/2021,75,M,5,C,1378,14,80,77,0.359,1382,183,67,43,0.252,37,69,65,0.435,34,77,57,0.624,169,169,-13,13,-34,34,-0.107,0.107,3,3,-8,8,8,8,-0.189,0.189,,,
3934,2/14/2021,90,M,5,C,1361,13,84,73,0.387,1430,10,78,67,0.299,34,86,63,0.677,32,90,62,0.468,-3,3,-6,6,-6,6,-0.088,0.088,2,2,-4,4,1,1,0.209,0.209,,,
3934,3/16/2021,120,M,5,C,1372,10,61,75,0.185,1389,12,65,81,0.193,30,90,69,0.589,28,91,59,0.487,2,2,4,4,6,6,0.008,0.008,2,2,-1,1,10,10,0.102,0.102,,,
3935,12/25/2020,35,F,6,FR,624,30,32,60,0.067,622,20,23,51,0.058,,,,,,,,,-10,10,-9,9,-9,9,-0.009,0.009,,,,,,,,,,,
3935,1/4/2021,45,F,6,FR,1447,32,61,76,0.202,591,24,78,47,0.285,,,,,,,,,-8,8,17,17,-29,29,0.083,0.083,,,,,,,,,,,
3935,1/19/2021,60,F,6,FR,1419,28,84,79,0.333,1428,22,82,67,0.347,,,,,,,,,-6,6,-2,2,-12,12,0.014,0.014,,,,,,,,,,,
3935,2/3/2021,75,F,6,FR,1380,26,86,81,0.376,1378,20,82,73,0.354,,,,,,,,,-6,6,-4,4,-8,8,-0.022,0.022,,,,,,,,,,,
3935,2/18/2021,90,F,6,FR,1351,28,84,82,0.358,1369,20,82,71,0.414,,,,,,,,,-8,8,-2,2,-11,11,0.056,0.056,,,,,,,,,,,
3935,3/20/2021,120,F,6,FR,1396,28,79,83,0.344,1395,20,89,63,0.387,,,,,,,,,-8,8,10,10,-20,20,0.043,0.043,,,,,,,,,,,
3936,12/25/2020,35,M,6,FR,623.57,32,60,52,0.066,620,28,47,51,0.083,,,,0,,,,0,-4,4,-13,13,-1,1,0.017,0.017,,,,,,,,,,,
3936,1/4/2021,45,M,6,FR,1480,28,67,74,0.217,1506,24,77,58,0.327,,,,0,,,,0,-4,4,10,10,-16,16,0.11,0.11,,,,,,,,,,,
3936,1/19/2021,60,M,6,FR,1420,25,84,86,0.369,1408,20,84,75,0.361,36,68,65,0.399,36,65,65,0.499,-5,5,0,0,-11,11,-0.008,0.008,0,0,3,3,0,0,-0.1,0.1,,,
3936,2/3/2021,75,M,6,FR,1384,22,83,81,0.393,1390,16,81,71,0.522,36,78,65,0.642,34,85,58,0.591,-6,6,-2,2,-10,10,0.129,0.129,2,2,-7,7,7,7,0.051,0.051,,,
3936,2/18/2021,90,M,6,FR,1368,20,84,80,0.374,1387,20,73,80,0.332,34,81,69,0.449,32,87,61,0.429,0,0,-11,11,0,0,-0.042,0.042,2,2,-6,6,8,8,0.02,0.02,,,
3936,3/20/2021,120,M,6,FR,1396,14,80,77,0.524,1404,10,82,63,0.457,34,87,68,0.82,35,86,68,0.933,-4,4,2,2,-14,14,-0.067,0.067,-1,1,1,1,0,0,-0.113,0.113,,,
3937,12/25/2020,35,M,6,FR,624,30,63,73,0.494,621,26,79,51,0.44,,,,0,,,,0,-4,4,16,16,-22,22,-0.054,0.054,,,,,,,,,,,
3937,1/4/2021,45,M,6,FR,1411,28,77,78,0.466,1423,24,84,69,0.414,,,,0,,,,0,-4,4,7,7,-9,9,-0.052,0.052,,,,,,,,,,,
3937,1/19/2021,60,M,6,FR,1410,22,85,78,0.352,1418,16,75,75,0.534,38,64,70,0.278,34,64,60,0.313,-6,6,-10,10,-3,3,0.182,0.182,4,4,0,0,10,10,-0.035,0.035,,,
3937,2/3/2021,75,M,6,FR,1376,18,74,84,0.489,1386,12,85,65,0.513,33,81,62,0.712,34,80,65,0.51,-6,6,11,11,-19,19,0.024,0.024,-1,1,1,1,-3,3,0.202,0.202,,,
3937,2/18/2021,90,M,6,FR,1364,16,78,79,0.263,1409,10,81,67,0.47,32,88,60,0.719,32,84,63,0.408,-6,6,3,3,-12,12,0.207,0.207,0,0,4,4,-3,3,0.311,0.311,,,
3937,3/20/2021,120,M,6,FR,1390,10,75,78,0.484,1396,6,77,62,0.464,32,90,63,0.575,33,88,65,0.69,-4,4,2,2,-16,16,-0.02,0.02,-1,1,2,2,-2,2,-0.115,0.115,,,
3938,12/26/2020,35,M,6,FR,618,30,40,64,0.045,614,12,30,36,0.026,,,,0,,,,0,-18,18,-10,10,-28,28,-0.019,0.019,,,,,,,,,,,
3938,1/5/2021,45,M,6,FR,1448,26,65,66,0.232,1444,20,69,56,0.148,,,,0,,,,0,-6,6,4,4,-10,10,-0.084,0.084,,,,,,,,,,,
3938,1/20/2021,60,M,6,FR,1426,26,86,79,0.373,1425,18,85,66,0.393,38,57,55,0.026,40,50,62,0.043,-8,8,-1,1,-13,13,0.02,0.02,-2,2,7,7,-7,7,-0.017,0.017,,,
3938,2/4/2021,75,M,6,FR,1403,20,82,77,0.309,1413,13,83,66,0.461,36,75,59,0.564,30,77,52,0.178,-7,7,1,1,-11,11,0.152,0.152,6,6,-2,2,7,7,0.386,0.386,,,
3938,2/19/2021,90,M,6,FR,1409,16,84,77,0.47,1408,12,89,73,0.433,36,81,64,0.641,34,80,57,0.872,-4,4,5,5,-4,4,-0.037,0.037,2,2,1,1,7,,-0.231,0.231,,,
3938,3/21/2021,120,M,6,FR,1389,14,86,74,0.348,1377,10,83,64,0.481,36,89,65,0.829,32,90,62,0.617,-4,4,-3,3,-10,10,0.133,0.133,4,4,-1,1,3,3,0.212,0.212,,,
4018,4/1/2021,35,F,4,C,1447,28,37,55,0.052,1452,26,38,48,0.053,,,,,,,,,-2,2,1,1,-7,7,0.001,0.001,,,,,,,,,,,
4018,4/11/2021,45,F,4,C,1404,24,60,65,0.23,1416,28,58,73,0.19,,,,,,,,,4,4,-2,2,8,8,-0.04,0.04,,,,,,,,,,,
4018,4/26/2021,60,F,4,C,1335,22,82,60,0.31,1340,23,81,62,0.221,,,,,,,,,1,1,-1,1,2,2,-0.089,0.089,,,,,,,,,,,
4018,5/11/2021,75,F,4,C,1432,20,78,70,0.359,1437,18,66,71,0.329,,,,,,,,,-2,2,-12,12,1,1,-0.03,0.03,,,,,,,,,,,
4018,5/26/2021,90,F,4,C,1416,22,77,76,0.439,1415,18,80,71,0.317,,,,,,,,,-4,4,3,3,-5,5,-0.122,0.122,,,,,,,,,40,93,85
4018,6/25/2021,120,F,4,C,1446,26,78,76,0.395,1449,24,73,71,0.349,,,,,,,,,-2,2,-5,5,-5,5,-0.046,0.046,,,,,,,,,42,99,87
4019,4/3/2021,35,M,4,C,1452,28,51,61,0.046,1449,28,66,51,0.1,,,,0,,,,0,0,0,15,15,-10,10,0.054,0.054,,,,,,,,,,,
4019,4/13/2021,45,M,4,C,1344,28,71,73,0.136,1359,26,67,69,0.277,,,,0,,,,0,-2,2,-4,4,-4,4,0.141,0.141,,,,,,,,,,,
4019,4/28/2021,60,M,4,C,1430,23,73,80,0.402,1436,24,60,85,0.242,36,65,67,0.364,36,66,65,0.53,1,1,-13,13,5,5,-0.16,0.16,0,0,-1,1,2,2,-0.166,0.166,,,
4019,5/13/2021,75,M,4,C,1362,14,88,68,0.334,1362,16,82,69,0.335,26,91,45,0.517,28,88,49,0.903,2,2,-6,6,1,1,0.001,0.001,-2,2,3,3,-4,4,-0.386,0.386,40,95,81
4019,5/28/2021,90,M,4,C,1386,12,80,72,0.212,1389,12,70,73,0.301,26,84,50,0.703,26,84,49,0.719,0,0,-10,10,1,1,0.089,0.089,0,0,0,0,1,1,-0.016,0.016,40,94,88
4019,6/27/2021,120,M,4,C,1392,8,81,65,0.332,1392,6,81,60,0.342,26,86,46,0.715,28,88,51,0.88,-2,2,0,0,-5,5,0.01,0.01,-2,2,-2,2,-5,5,-0.165,0.165,39,92,87
4020,4/3/2021,35,M,4,C,1451,26,64,61,0.144,1451,26,61,62,0.12,,,,0,,,,0,0,0,-3,3,1,1,-0.024,0.024,,,,,,,,,,,
4020,4/13/2021,45,M,4,C,1353,22,79,60,0.217,1356,20,80,58,0.214,,,,0,26,59,42,0.005,-2,2,1,1,-2,2,-0.003,0.003,-26,26,-59,59,-42,42,-0.005,0.005,,,
4020,4/28/2021,60,M,4,C,1433,16,77,69,0.2,1431,14,83,63,0.309,30,73,53,0.408,34,68,58,0.396,-2,2,6,6,-6,6,0.109,0.109,-4,4,5,5,-5,5,0.012,0.012,,,
4020,5/13/2021,75,M,4,C,1359,12,84,65,0.361,1356,12,87,64,0.302,26,90,47,0.595,28,87,51,0.626,0,0,3,3,-1,1,-0.059,0.059,-2,2,3,3,-4,4,-0.031,0.031,38,94,81
4020,5/28/2021,90,M,4,C,1386,10,74,72,0.352,1359,8,81,63,0.372,26,83,52,0.795,28,79,54,0.952,-2,2,7,7,-9,9,0.02,0.02,-2,2,4,4,-2,2,-0.157,0.157,42,94,86
4020,6/27/2021,120,M,4,C,1389,8,77,62,0.362,1392,6,78,60,0.301,26,87,44,0.548,24,87,32,0.775,-2,2,1,1,-2,2,-0.061,0.061,2,2,0,0,12,12,-0.227,0.227,39,94,79
4021,4/5/2021,35,F,4,C,1422,30,47,55,0.055,1387,28,28,62,0.03,,,,,,,,,-2,2,-19,19,7,7,-0.025,0.025,,,,,,,,,,,
4021,4/15/2021,45,F,4,C,1370,26,68,62,0.148,1365,28,48,71,0.107,,,,,,,,,2,2,-20,20,9,9,-0.041,0.041,,,,,,,,,,,
4021,4/30/2021,60,F,4,C,1393,24,76,64,0.322,1405,22,82,71,0.261,,,,,,,,,-2,2,6,6,7,7,-0.061,0.061,,,,,,,,,,,
4021,5/15/2021,75,F,4,C,1348,22,82,71,0.306,1371,24,82,75,0.371,,,,,,,,,2,2,0,0,4,4,0.065,0.065,,,,,,,,,38,94,80
4021,5/31/2021,90,F,4,C,1426,20,81,70,0.23,1434,20,75,71,0.265,,,,,,,,,0,0,-6,6,1,1,0.035,0.035,,,,,,,,,40,94,82
4021,6/29/2021,120,F,4,C,1377,16,85,75,0.348,1383,18,77,74,0.252,,,,,,,,,2,2,-8,8,-1,1,-0.096,0.096,,,,,,,,,40,93,87
4037,7/19/2021,35,M,8.2,C,1360,28,35,49,0.047,1360,24,28,50,0.046,,,,0,,,,0,-4,4,-7,7,1,1,-0.001,0.001,,,,,,,,,40,94,81
4037,7/29/2021,45,M,8.2,C,1344,32,61,73,0.147,1349,24,70,53,0.182,,,,0,28,39,45,0.037,-8,8,9,9,-20,20,0.035,0.035,-28,28,-39,39,-45,45,-0.037,0.037,42,94,89
4037,8/13/2021,60,M,8.2,C,1382,24,76,69,0.309,1384,24,65,67,0.197,28,73,52,0.517,30,80,52,0.675,0,0,-11,11,-2,2,-0.112,0.112,-2,2,-7,7,0,0,-0.158,0.158,40,94,84
4037,8/28/2021,75,M,8.2,C,1358,26,71,85,0.31,1361,20,79,74,0.342,32,78,62,0.564,32,78,67,0.686,-6,6,8,8,-11,11,0.032,0.032,0,0,0,0,-5,5,-0.122,0.122,42,93,96
4037,9/13/2021,90,M,8.2,C,1401,18,80,77,0.302,1398,14,77,68,0.504,30,87,56,0.797,30,86,58,0.781,-4,4,-3,3,-9,9,0.202,0.202,0,0,1,1,-2,2,0.016,0.016,41,94,89
4037,10/12/2021,120,M,8.2,C,1338,16,81,84,0.251,1326,12,77,73,0.408,34,78,69,0.789,30,85,62,0.652,-4,4,-4,4,-11,11,0.157,0.157,4,4,-7,7,7,7,0.137,0.137,42,94,97
4038,7/20/2021,35,M,8.2,C,1363,32,43,65,0.133,1330,30,53,58,0.142,,,,0,,,,0,-2,2,10,10,-7,7,0.009,0.009,,,,,,,,,42,96,93
4038,7/30/2021,45,M,8.2,C,1357,26,68,73,0.194,1379,22,78,62,0.239,,,,0,32,63,45,0.025,-4,4,10,10,-11,11,0.045,0.045,-32,32,-63,63,-45,45,-0.025,0.025,42,94,88
4038,8/14/2021,60,M,8.2,C,1369,22,75,76,0.453,1336,16,81,62,0.447,32,68,51,0.693,34,64,62,0.769,-6,6,6,6,-14,14,-0.006,0.006,-2,2,4,4,-11,11,-0.076,0.076,42,93,95
4038,8/29/2021,75,M,8.2,C,1391,19,79,75,0.194,1395,12,76,71,0.397,33,71,61,0.818,32,78,58,0.544,-7,7,-3,3,-4,4,0.203,0.203,1,1,-7,7,3,3,0.274,0.274,42,94,92
4038,9/13/2021,90,M,8.2,C,1392,12,74,73,0.504,1392,13,79,78,0.452,32,83,67,0.681,32,86,57,1.012,1,1,5,5,5,5,-0.052,0.052,0,0,-3,3,10,10,-0.331,0.331,42,94,86
4038,10/13/2021,120,M,8.2,C,1336,12,83,72,0.409,1316,12,75,73,0.329,32,88,61,0.733,32,89,58,0.943,0,0,-8,8,1,1,-0.08,0.08,0,0,-1,1,3,3,-0.21,0.21,41,94,88
4041,7/29/2021,35,M,1.2,C,1317,28,33,62,0.147,1320,28,39,57,0.105,,,,0,,,,0,0,0,6,6,-5,5,-0.042,0.042,,,,,,,,,40,94,83
4041,8/8/2021,45,M,1.2,C,1452,28,74,70,0.33,1477,24,69,63,0.094,32,42,52,0.065,34,49,53,0.09,-4,4,-5,5,-7,7,-0.236,0.236,-2,2,-7,7,-1,1,-0.025,0.025,42,94,89
4041,8/23/2021,60,M,1.2,C,1387,22,75,84,0.545,1387,22,69,81,0.308,32,69,60,0.49,36,74,65,0.92,0,0,-6,6,-3,3,-0.237,0.237,-4,4,-5,5,-5,5,-0.43,0.43,42,92,96
4041,9/7/2021,75,M,1.2,C,1380,16,87,80,0.489,1380,18,77,77,0.249,32,81,60,0.58,33,83,63,0.991,2,2,-10,10,-3,3,-0.24,0.24,-1,1,-2,2,-3,3,-0.411,0.411,42,93,95
4041,9/22/2021,90,M,1.2,C,1379,16,82,77,0.407,1387,13,82,70,0.392,34,85,61,0.804,32,87,59,0.86,-3,3,0,0,-7,7,-0.015,0.015,2,2,-2,2,2,2,-0.056,0.056,42,93,89
4041,10/22/2021,120,M,1.2,C,1404,14,79,82,0.397,1389,12,77,79,0.243,34,80,65,0.738,33,82,65,0.775,-2,2,-2,2,-3,3,-0.154,0.154,1,1,-2,2,0,0,-0.037,0.037,42,92,94
4042,7/29/2021,35,M,1.2,C,1338,30,41,63,0.148,1323,28,32,51,0.172,,,,0,,,,0,-2,2,-9,9,-12,12,0.024,0.024,,,,,,,,,42,94,87
4042,8/8/2021,45,M,1.2,C,1479,34,72,68,0.23,1483,32,59,67,0.14,,,,0,,,,0,-2,2,-13,13,-1,1,-0.09,0.09,,,,,,,,,42,94,88
4042,8/23/2021,60,M,1.2,C,1389,30,76,85,0.313,1396,22,78,71,0.36,36,66,58,0.744,36,66,65,0.6,-8,8,2,2,-14,14,0.047,0.047,0,0,0,0,-7,7,0.144,0.144,42,91,96
4042,9/7/2021,75,M,1.2,C,1392,22,84,78,0.228,1392,14,85,66,0.36,31,84,57,0.734,32,82,59,0.752,-8,8,1,1,-12,12,0.132,0.132,-1,1,2,2,-2,2,-0.018,0.018,42,94,92
4042,9/22/2021,90,M,1.2,C,1370,18,81,78,0.282,1388,16,74,70,0.178,36,90,57,0.566,30,82,57,0.602,-2,2,-7,7,-8,8,-0.104,0.104,6,6,8,8,0,0,-0.036,0.036,42,94,91
4042,10/22/2021,120,M,1.2,C,1404,10,85,69,0.351,1407,12,77,78,0.402,32,80,66,0.836,28,91,51,0.67,2,2,-8,8,9,9,0.051,0.051,4,4,-11,11,15,15,0.166,0.166,40,94,85
4043,7/30/2022,35,M,1.2,C,1353,26,41,58,0.083,1351,22,30,57,0.05,,,,0,,,,0,-4,4,-11,11,-1,1,-0.033,0.033,,,,,,,,,42,94,90
4043,8/9/2022,45,M,1.2,C,1306,20,64,60,0.125,1285,22,62,61,0.101,,,,0,,,,0,2,2,-2,2,1,1,-0.024,0.024,,,,,,,,,40,93,90
4043,8/24/2022,60,M,1.2,C,1386,22,71,77,0.226,1392,22,62,76,0.332,34,67,64,0.615,34,70,59,0.538,0,0,-9,9,-1,1,0.106,0.106,0,0,-3,3,5,5,0.077,0.077,44,97,96
4043,9/8/2022,75,M,1.2,C,1164,20,77,80,0.324,1162,22,84,71,0.403,36,91,64,0.736,36,90,60,0.576,2,2,7,7,-9,9,0.079,0.079,0,0,1,1,4,4,0.16,0.16,46,100,96
4043,9/23/2021,90,M,1.2,C,1383,12,78,71,0.189,1384,10,63,72,0.295,28,88,54,0.686,25,86,51,0.648,-2,2,-15,15,1,1,0.106,0.106,3,3,2,2,3,3,0.038,0.038,42,94,87
4043,10/23/2021,120,M,1.2,C,1376,12,80,78,0.314,1378,12,69,78,0.283,30,88,58,0.715,29,90,60,0.763,0,0,-11,11,0,0,-0.031,0.031,1,1,-2,2,-2,2,-0.048,0.048,42,94,92
4048,9/19/2021,35,M,9,C,1390,32,15,51,0.03,1376,24,21,56,0.096,,,,0,,,,0,-8,8,6,6,5,5,0.066,0.066,,,,,,,,,42,94,89
4048,9/29/2021,45,M,9,C,1368,32,48,70,0.173,1353,26,58,55,0.28,38,52,64,0.02,,,,0,-6,6,10,10,-15,15,0.107,0.107,,,,,,,,,42,95,92
4048,10/14/2021,60,M,9,C,1340,30,65,79,0.395,1348,26,67,75,0.302,36,62,65,0.309,34,67,55,0.087,-4,4,2,2,-4,4,-0.093,0.093,2,2,-5,5,10,10,0.222,0.222,42,94,91
4048,10/29/2021,75,M,9,C,1373,28,81,84,0.275,1369,25,77,78,0.404,37,70,69,0.619,34,73,59,0.525,-3,3,-4,4,-6,6,0.129,0.129,3,3,-3,3,10,10,0.094,0.094,42,93,91
4048,11/13/2021,90,M,9,C,1366,24,77,81,0.412,1368,22,73,74,0.376,32,83,58,0.46,33,83,62,0.652,-2,2,-4,4,-7,7,-0.036,0.036,-1,1,0,0,-4,4,-0.192,0.192,42,94,92
4048,12/13/2021,120,M,9,C,809,18,78,72,0.375,1339,15,75,68,0.41,32,83,59,0.689,28,86,52,0.607,-3,3,-3,3,-4,4,0.035,0.035,4,4,-3,3,7,7,0.082,0.082,42,93,84
4049,9/19/2021,35,M,9,C,1402,26,44,52,0.101,1388,26,24,54,0.06,,,,0,,,,0,0,0,-20,20,2,2,-0.041,0.041,,,,,,,,,42,94,86
4049,9/29/2021,45,M,9,C,1372,30,72,73,0.242,1366,28,73,65,0.311,,,,0,,,,0,-2,2,1,1,-8,8,0.069,0.069,,,,,,,,,42,97,93
4049,10/14/2021,60,M,9,C,1318,26,81,81,0.409,1350,26,66,82,0.2,32,74,62,0.405,32,78,60,0.533,0,0,-15,15,1,1,-0.209,0.209,0,0,-4,4,2,2,-0.128,0.128,42,92,93
4049,10/29/2021,75,M,9,C,1380,20,83,79,0.374,1368,18,80,80,0.394,30,82,55,0.686,28,89,52,0.668,-2,2,-3,3,1,1,0.02,0.02,2,2,-7,7,3,3,0.018,0.018,42,93,90
4049,11/13/2021,90,M,9,C,1362,16,83,78,0.294,1359,12,83,66,0.417,30,89,50,0.779,28,89,55,0.723,-4,4,0,0,-12,12,0.123,0.123,2,2,0,0,-5,5,0.056,0.056,42,94,92
4049,12/13/2021,120,M,9,C,816,16,79,74,0.353,1360,18,63,79,0.257,26,81,50,0.341,28,87,53,0.336,2,2,-16,16,5,5,-0.096,0.096,-2,2,-6,6,-3,3,0.005,0.005,41,94,86
4051,9/20/2021,35,F,3,FR,1404,28,22,62,0.213,1413,28,30,58,0.117,,,,,,,,,0,0,8,8,-4,4,-0.096,0.096,,,,,,,,,42,91,95
4051,9/30/2021,45,F,3,FR,1378,32,67,72,0.211,1391,34,54,73,0.178,,,,,,,,,2,2,-13,13,1,1,-0.033,0.033,,,,,,,,,42,95,91
4051,10/15/2021,60,F,3,FR,1375,32,86,82,0.305,1387,28,86,78,0.462,,,,,,,,,-4,4,0,0,-4,4,0.157,0.157,,,,,,,,,42,94,92
4051,10/30/2021,75,F,3,FR,1389,30,81,84,0.405,1378,26,89,79,0.44,,,,,,,,,-4,4,8,8,-5,5,0.035,0.035,,,,,,,,,42,93,90
4051,11/14/2021,90,F,3,FR,1368,30,72,85,0.353,1366,20,90,65,0.464,,,,,,,,,-10,10,18,18,-20,20,0.111,0.111,,,,,,,,,42,93,91
4051,12/14/2021,120,F,3,FR,820,28,84,82,1.03,1364,26,69,86,0.346,,,,,,,,,-2,2,-15,15,4,4,-0.684,0.684,,,,,,,,,42,94,88
4052,10/1/2021,45,F,9,C,1358,28,69,73,0.236,1362,26,62,64,0.174,,,,,,,,,-2,2,-7,7,-9,9,-0.062,0.062,,,,,,,,,42,94,96
4052,10/16/2021,60,F,9,C,1368,28,81,84,0.312,1368,24,85,67,0.391,,,,,,,,,-4,4,4,4,-17,17,0.079,0.079,,,,,,,,,42,93,94
4052,10/31/2021,75,F,9,C,1372,26,80,80,0.327,1378,26,73,76,0.304,,,,,,,,,0,0,-7,7,-4,4,-0.023,0.023,,,,,,,,,42,94,90
4052,11/15/2021,90,F,9,C,1368,28,83,83,0.369,1356,28,70,82,0.284,,,,,,,,,0,0,-13,13,-1,1,-0.085,0.085,,,,,,,,,42,93,90
4052,12/15/2021,120,F,9,C,1380,30,77,84,0.257,1370,30,68,82,0.205,,,,,,,,,0,0,-9,9,-2,2,-0.052,0.052,,,,,,,,,42,93,90
4053,9/21/2021,35,F,3,FR,1384,32,51,64,0.105,1382,32,42,56,0.137,,,,,,,,,0,0,-9,9,-8,8,0.032,0.032,,,,,,,,,42,94,93
4053,10/1/2021,45,F,3,FR,1357,24,65,53,0.234,1363,24,75,54,0.351,,,,,,,,,0,0,10,10,1,1,0.117,0.117,,,,,,,,,42,94,86
4053,10/16/2021,60,F,3,FR,1361,28,88,77,0.272,1368,30,78,79,0.24,,,,,,,,,2,2,-10,10,2,2,-0.032,0.032,,,,,,,,,42,94,89
4053,10/31/2021,75,F,3,FR,1374,28,78,87,0.337,1749,24,81,76,0.34,,,,,,,,,-4,4,3,3,-11,11,0.003,0.003,,,,,,,,,42,92,91
4053,11/15/2021,90,F,3,FR,1358,24,79,81,0.41,1368,22,80,73,,,,,,,,,,-2,2,1,1,-8,8,-0.41,0.41,,,,,,,,,42,94,92
4053,12/15/2021,120,F,3,FR,1368,24,78,80,0.334,1363,24,70,80,0.338,,,,,,,,,0,0,-8,8,0,0,0.004,0.004,,,,,,,,,42,93,91
4054,9/25/2021,35,F,2.3,FR,1393,28,19,55,0.052,1399,26,10,58,0.027,,,,,,,,,-2,2,-9,9,3,3,-0.025,0.025,,,,,,,,,42,91,95
4054,10/5/2021,45,F,2.3,FR,1358,32,40,64,0.295,1344,34,39,67,0.143,,,,,,,,,2,2,-1,1,3,3,-0.152,0.152,,,,,,,,,42,93,90
4054,10/20/2021,60,F,2.3,FR,1365,36,73,77,0.261,1363,35,69,71,0.147,,,,,,,,,-1,1,-4,4,-6,6,-0.114,0.114,,,,,,,,,40,93,84
4054,11/4/2021,75,F,2.3,FR,1366,36,79,81,0.193,1370,34,75,82,0.186,,,,,,,,,-2,2,-4,4,1,1,-0.007,0.007,,,,,,,,,42,94,89
4054,11/19/2021,90,F,2.3,FR,1377,36,77,83,0.208,1375,34,67,81,0.111,,,,,,,,,-2,2,-10,10,-2,2,-0.097,0.097,,,,,,,,,42,94,91
4055,9/25/2021,35,M,3,FR,1393,20,38,44,0.027,1403,26,50,50,0.032,,,,0,,,,0,6,6,12,12,6,6,0.005,0.005,,,,,,,,,40,94,85
4055,10/5/2021,45,M,3,FR,1361,32,54,69,0.321,1358,32,72,69,0.237,,,,0,,,,0,0,0,18,18,0,0,-0.084,0.084,,,,,,,,,42,93,95
4055,10/20/2021,60,M,3,FR,1375,28,52,88,0.432,1380,26,61,74,0.188,32,55,47,0.298,36,67,66,0.229,-2,2,9,9,-14,14,-0.244,0.244,-4,4,-12,12,-19,19,0.069,0.069,42,86,98
4055,11/4/2021,75,M,3,FR,1359,18,78,70,0.298,1360,24,71,78,0.239,34,72,58,0.702,30,81,52,0.798,6,6,-7,7,8,8,-0.059,0.059,4,4,-9,9,6,6,-0.096,0.096,39,91,91
4055,11/19/2021,90,M,3,FR,1377,20,79,79,0.383,1378,22,86,65,0.301,36,93,57,0.713,32,87,56,0.674,2,2,7,7,-14,14,-0.082,0.082,4,4,6,6,1,1,0.039,0.039,41,94,90
4055,12/19/2021,120,M,3,FR,1080,16,77,77,0.273,1350,16,77,71,0.268,30,86,58,0.717,26,87,49,0.52,0,0,0,0,-6,6,-0.005,0.005,4,4,-1,1,9,9,0.197,0.197,42,94,89
4056,9/26/2021,35,F,2.3,FR,1395,28,43,48,0.025,1395,26,40,38,0.064,,,,,,,,,-2,2,-3,3,-10,10,0.039,0.039,,,,,,,,,42,94,87
4056,10/6/2021,45,F,2.3,FR,1339,32,36,72,0.215,1342,30,53,56,0.229,,,,,,,,,-2,2,17,17,-16,16,0.014,0.014,,,,,,,,,42,90,95
4056,10/21/2021,60,F,2.3,FR,1380,38,62,80,0.26,1369,36,66,72,0.266,,,,,,,,,-2,2,4,4,-8,8,0.006,0.006,,,,,,,,,42,94,91
4056,11/5/2021,75,F,2.3,FR,1386,36,68,76,0.338,1370,32,83,72,0.262,,,,,,,,,-4,4,15,15,-4,4,-0.076,0.076,,,,,,,,,42,94,89
4056,11/20/2021,90,F,2.3,FR,1064,34,81,76,0.358,1351,30,84,69,0.286,,,,,,,,,-4,4,3,3,-7,7,-0.072,0.072,,,,,,,,,42,97,91
4056,12/20/2021,120,F,2.3,FR,817,38,82,80,0.232,1364,34,81,76,0.301,,,,,,,,,-4,4,-1,1,-4,4,0.069,0.069,,,,,,,,,42,93,89
4057,9/27/2021,35,M,2.3,FR,1374,26,27,62,0.126,1380,28,11,62,0.022,,,,0,,,,0,2,2,-16,16,0,0,-0.104,0.104,,,,,,,,,44,94,91
4057,10/7/2021,45,M,2.3,FR,1351,36,59,74,0.222,1361,34,52,68,0.152,,,,0,36,41,54,0.037,-2,2,-7,7,-6,6,-0.07,0.07,-36,36,-41,41,-54,54,-0.037,0.037,42,93,91
4057,10/22/2021,60,M,2.3,FR,1394,36,80,85,0.304,1382,32,76,75,0.187,34,72,58,0.449,36,65,64,0.41,-4,4,-4,4,-10,10,-0.117,0.117,-2,2,7,7,-6,6,0.039,0.039,42,92,94
4057,11/6/2021,75,M,2.3,FR,1363,30,84,85,0.334,1372,30,83,77,0.256,30,84,55,0.539,32,82,60,0.582,0,0,-1,1,-8,8,-0.078,0.078,-2,2,2,2,-5,5,-0.043,0.043,42,93,94
4057,11/21/2021,90,M,2.3,FR,1373,26,85,81,0.458,1369,26,77,78,0.255,32,84,57,0.444,35,84,64,0.884,0,0,-8,8,-3,3,-0.203,0.203,-3,3,0,0,-7,7,-0.44,0.44,42,94,91
4057,12/21/2021,120,M,2.3,FR,1356,20,77,81,0.316,1356,18,72,82,0.23,30,81,58,0.427,32,84,57,0.557,-2,2,-5,5,1,1,-0.086,0.086,-2,2,-3,3,1,1,-0.13,0.13,42,93,90
4058,9/27/2021,35,F,2.3,FR,1378,24,22,47,0.066,1376,26,20,47,0.046,,,,,,,,,2,2,-2,2,0,0,-0.02,0.02,,,,,,,,,42,94,91
4058,10/7/2021,45,F,2.3,FR,1376,34,46,66,0.085,1376,34,34,68,0.069,,,,,,,,,0,0,-12,12,2,2,-0.016,0.016,,,,,,,,,42,94,91
4058,10/22/2021,60,F,2.3,FR,1395,34,71,74,0.172,1386,34,81,76,0.37,,,,,,,,,0,0,10,10,2,2,0.198,0.198,,,,,,,,,42,93,90
4058,11/6/2021,75,F,2.3,FR,1373,34,84,82,0.279,1365,30,77,74,0.296,,,,,,,,,-4,4,-7,7,-8,8,0.017,0.017,,,,,,,,,42,96,93
4058,11/21/2021,90,F,2.3,FR,1360,30,82,77,0.262,1366,31,79,79,0.296,,,,,,,,,1,1,-3,3,2,2,0.034,0.034,,,,,,,,,42,94,91
4058,12/21/2021,120,F,2.3,FR,1085,30,82,74,0.274,1362,32,79,80,0.323,,,,,,,,,2,2,-3,3,6,6,0.049,0.049,,,,,,,,,42,94,86
4059,10/15/2021,35,M,16,C,1360,26,33,60,0.121,1354,28,37,57,0.154,,,,0,,,,0,2,2,4,4,-3,3,0.033,0.033,,,,,,,,,42,93,93
4059,10/25/2021,45,M,16,C,1382,34,68,73,0.227,1382,34,60,71,0.162,37,50,58,0.063,,,,0,0,0,-8,8,-2,2,-0.065,0.065,,,,,,,,,42,91,93
4059,11/9/2021,60,M,16,C,1369,26,82,76,0.311,1367,26,89,77,0.402,34,73,58,0.33,34,62,52,0.311,0,0,7,7,1,1,0.091,0.091,0,0,11,11,6,6,0.019,0.019,42,94,89
4059,11/28/2021,75,M,16,C,1224,22,87,78,0.339,1366,18,84,76,0.383,32,85,59,0.444,33,81,58,0.511,-4,4,-3,3,-2,2,0.044,0.044,-1,1,4,4,1,1,-0.067,0.067,42,93,87
4059,12/9/2021,90,M,16,C,1353,20,81,85,0.384,1359,18,82,74,0.183,34,77,65,0.54,32,83,65,0.748,-2,2,1,1,-11,11,-0.201,0.201,2,2,-6,6,0,0,-0.208,0.208,40,91,94
4059,1/8/2022,120,M,16,C,1065,18,83,79,0.37,1345,18,74,76,0.233,30,84,54,0.384,30,87,56,0.684,0,0,-9,9,-3,3,-0.137,0.137,0,0,-3,3,-2,2,-0.3,0.3,42,93,88
4060,10/15/2021,35,M,16,C,1360,24,25,62,0.032,1356,28,36,64,0.128,,,,0,,,,0,4,4,11,11,2,2,0.096,0.096,,,,,,,,,42,92,94
4060,10/25/2021,45,M,16,C,1376,32,70,67,0.214,1376,24,70,55,0.19,,,,0,,,,0,-8,8,0,0,-12,12,-0.024,0.024,,,,,,,,,42,93,90
4060,11/9/2021,60,M,16,C,1372,28,83,82,0.313,1366,28,69,81,0.233,34,63,62,0.159,34,72,60,0.288,0,0,-14,14,-1,1,-0.08,0.08,0,0,-9,9,2,2,-0.129,0.129,42,94,95
4060,11/28/2021,75,M,16,C,1083,18,83,74,0.251,1369,16,81,72,0.303,34,74,57,0.388,32,77,53,0.439,-2,2,-2,2,-2,2,0.052,0.052,2,2,-3,3,4,4,-0.051,0.051,42,94,85
4060,12/9/2021,90,M,16,C,1087,16,79,75,0.29,1361,18,67,78,0.319,34,81,65,0.428,32,83,59,0.601,2,2,-12,12,3,3,0.029,0.029,2,2,-2,2,6,6,-0.173,0.173,42,94,85
4060,1/8/2022,120,M,16,C,1082,12,83,74,0.3,1358,12,69,73,0.23,30,89,56,0.745,27,89,51,0.499,0,0,-14,14,-1,1,-0.07,0.07,3,3,0,0,5,5,0.246,0.246,42,94,86
4061,10/18/2021,35,F,16,C,1375,30,40,55,0.095,1375,26,43,51,0.116,,,,,,,,,-4,4,3,3,-4,4,0.021,0.021,,,,,,,,,40,93,83
4061,10/28/2021,45,F,16,C,1372,36,74,75,0.3,1376,30,79,58,0.256,,,,,,,,,-6,6,5,5,-17,17,-0.044,0.044,,,,,,,,,42,92,94
4061,11/12/2021,60,F,16,C,1371,32,86,81,0.325,1368,30,88,78,0.474,,,,,,,,,-2,2,2,2,-3,3,0.149,0.149,,,,,,,,,42,94,91
4061,11/28/2021,75,F,16,C,1356,26,79,77,0.425,1368,26,86,75,0.416,,,,,,,,,0,0,7,7,-2,2,-0.009,0.009,,,,,,,,,42,94,85
4061,12/12/2021,90,F,16,C,933,26,84,84,0.356,1353,29,78,80,0.276,,,,,,,,,3,3,-6,6,-4,4,-0.08,0.08,,,,,,,,,40,91,93
4061,1/11/2022,120,F,16,C,803,28,72,86,0.403,1349,24,80,79,0.427,,,,,,,,,-4,4,8,8,-7,7,0.024,0.024,,,,,,,,,42,88,96
4063,10/22/2021,35,F,7.2,FR,1365,26,45,44,0.051,1359,26,39,47,0.056,,,,,,,,,0,0,-6,6,3,3,0.005,0.005,,,,,,,,,42,94,88
4063,11/1/2021,45,F,7.2,FR,1368,32,71,67,0.173,1368,26,77,58,0.152,,,,,,,,,-6,6,6,6,-9,9,-0.021,0.021,,,,,,,,,42,94,90
4063,11/16/2021,60,F,7.2,FR,1373,32,87,78,0.287,1370,32,70,80,0.211,,,,,,,,,0,0,-17,17,2,2,-0.076,0.076,,,,,,,,,42,94,91
4063,12/1/2021,75,F,7.2,FR,1363,30,80,82,0.21,1365,30,80,82,0.198,,,,,,,,,0,0,0,0,0,0,-0.012,0.012,,,,,,,,,42,94,91
4063,12/16/2021,90,F,7.2,FR,951,28,81,79,0.232,1358,28,74,80,0.222,,,,,,,,,0,0,-7,7,1,1,-0.01,0.01,,,,,,,,,42,94,89
4063,1/15/2022,120,F,7.2,FR,1352,28,74,84,0.367,1348,24,81,78,0.453,,,,,,,,,-4,4,7,7,-6,6,0.086,0.086,,,,,,,,,42,94,91
4065,10/27/2021,35,F,10,FR,1359,30,31,69,0.05,1353,30,32,57,0.09,,,,,,,,,0,0,1,1,-12,12,0.04,0.04,,,,,,,,,40,90,95
4065,11/6/2021,45,F,10,FR,1368,32,64,67,0.203,1371,34,71,64,0.103,,,,,,,,,2,2,7,7,-3,3,-0.1,0.1,,,,,,,,,42,94,88
4065,11/21/2021,60,F,10,FR,1363,30,75,77,0.215,1361,28,76,75,0.281,,,,,,,,,-2,2,1,1,-2,2,0.066,0.066,,,,,,,,,42,94,89
4065,12/6/2021,75,F,10,FR,1358,32,83,83,0.235,1366,28,77,77,0.133,,,,,,,,,-4,4,-6,6,-6,6,-0.102,0.102,,,,,,,,,42,93,90
4065,12/21/2021,90,F,10,FR,1363,28,85,83,0.329,1363,30,73,81,0.214,,,,,,,,,2,2,-12,12,-2,2,-0.115,0.115,,,,,,,,,42,93,90
4066,10/28/2021,35,F,10,FR,1378,26,62,60,0.065,1372,28,56,60,0.077,,,,,,,,,2,2,-6,6,0,0,0.012,0.012,,,,,,,,,42,94,86
4066,11/7/2021,45,F,10,FR,1371,28,73,67,0.156,1367,26,73,63,0.14,,,,,,,,,-2,2,0,0,-4,4,-0.016,0.016,,,,,,,,,42,94,88
4066,11/22/2021,60,F,10,FR,1360,28,82,78,0.346,1358,26,74,70,0.255,,,,,,,,,-2,2,-8,8,-8,8,-0.091,0.091,,,,,,,,,42,94,91
4066,12/7/2021,75,F,10,FR,1353,26,83,81,0.301,1356,24,80,80,0.204,,,,,,,,,-2,2,-3,3,-1,1,-0.097,0.097,,,,,,,,,42,94,89
4066,12/22/2021,90,F,10,FR,1347,24,82,78,0.295,1351,20,81,72,0.3,,,,,,,,,-4,4,-1,1,-6,6,0.005,0.005,,,,,,,,,42,94,88
4066,1/21/2022,120,F,10,FR,927,24,78,78,0.354,1341,24,66,80,0.371,,,,,,,,,0,0,-12,12,2,2,0.017,0.017,,,,,,,,,42,94,87
4067,10/30/2021,35,M,10,FR,1381,28,34,59,0.073,1385,30,22,60,0.02,,,,0,,,,0,2,2,-12,12,1,1,-0.053,0.053,,,,,,,,,42,94,91
4067,11/9/2021,45,M,10,FR,1366,30,66,71,0.085,1375,28,61,69,0.081,,,,0,,,,0,-2,2,-5,5,-2,2,-0.004,0.004,,,,,,,,,42,91,93
4067,11/24/2021,60,M,10,FR,1089,22,74,73,0.25,1371,24,64,76,0.189,32,57,51,0.07,34,64,49,0.236,2,2,-10,10,3,3,-0.061,0.061,-2,2,-7,7,2,2,-0.166,0.166,42,93,90
4067,12/9/2021,75,M,10,FR,942,20,82,73,0.254,1359,18,75,77,0.172,32,66,55,0.321,30,75,49,0.391,-2,2,-7,7,4,4,-0.082,0.082,2,2,-9,9,6,6,-0.07,0.07,42,94,86
4067,12/24/2021,90,M,10,FR,1345,12,74,74,0.313,1337,12,82,67,0.271,33,78,64,0.658,32,84,58,0.906,0,0,8,8,-7,7,-0.042,0.042,1,1,-6,6,6,6,-0.248,0.248,42,94,87
4067,1/23/2022,120,M,10,FR,1084,12,77,74,0.387,1350,14,66,71,0.27,28,82,56,0.563,28,86,57,0.861,2,2,-11,11,-3,3,-0.117,0.117,0,0,-4,4,-1,1,-0.298,0.298,40,92,90
4068,10/27/2021,35,F,7.2,FR,1367,30,32,54,0.065,1363,30,49,49,0.033,,,,,,,,,0,0,17,17,-5,5,-0.032,0.032,,,,,,,,,44,97,89
4068,11/6/2021,45,F,7.2,FR,1373,34,72,65,0.159,1369,32,64,63,0.138,,,,,,,,,-2,2,-8,8,-2,2,-0.021,0.021,,,,,,,,,42,94,88
4068,11/21/2021,60,F,7.2,FR,1368,34,86,78,0.259,1364,32,75,76,0.251,,,,,,,,,-2,2,-11,11,-2,2,-0.008,0.008,,,,,,,,,42,94,89
4068,12/6/2021,75,F,7.2,FR,1362,32,83,83,0.402,1362,32,77,80,0.222,,,,,,,,,0,0,-6,6,-3,3,-0.18,0.18,,,,,,,,,42,94,90
4068,12/21/2021,90,F,7.2,FR,810,28,87,85,0.244,1361,28,77,79,0.319,,,,,,,,,0,0,-10,10,-6,6,0.075,0.075,,,,,,,,,42,92,93
4068,1/20/2022,120,F,7.2,FR,1066,26,85,82,0.408,1341,26,73,78,0.266,,,,,,,,,0,0,-12,12,-4,4,-0.142,0.142,,,,,,,,,42,93,88
4069,1/11/2022,35,F,12,C,1200,34,44,55,0.029,1345,32,24,60,0.041,,,,,,,,,-2,2,-20,20,5,5,0.012,0.012,,,,,,,,,42,94,89
4069,1/21/2022,45,F,12,C,1347,34,53,71,0.164,1339,34,47,77,0.063,,,,,,,,,0,0,-6,6,6,6,-0.101,0.101,,,,,,,,,42,93,94
4069,2/5/2022,60,F,12,C,1348,30,66,78,0.322,1359,30,69,74,0.277,,,,,,,,,0,0,3,3,-4,4,-0.045,0.045,,,,,,,,,42,93,89
4069,2/20/2022,75,F,12,C,1195,30,75,77,0.355,1342,28,75,73,0.17,,,,,,,,,-2,2,0,0,-4,4,-0.185,0.185,,,,,,,,,44,94,90
4069,3/7/2022,90,F,12,C,1170,26,85,79,0.36,1325,26,76,79,0.299,,,,,,,,,0,0,-9,9,0,0,-0.061,0.061,,,,,,,,,42,94,89
4069,4/6/2022,120,F,12,C,1030,28,83,77,0.349,1307,24,74,79,0.366,,,,,,,,,-4,4,-9,9,2,2,0.017,0.017,,,,,,,,,42,94,86
4070,1/11/2022,35,M,12,C,966,28,54,66,0.085,1353,28,55,58,0.055,,,,0,44,50,51,0.003,0,0,1,1,-8,8,-0.03,0.03,-44,44,-50,50,-51,51,-0.003,0.003,42,94,89
4070,1/21/2022,45,M,12,C,941,30,77,76,0.19,1345,28,68,73,0.207,40,41,56,0.002,42,45,49,0.003,-2,2,-9,9,-3,3,0.017,0.017,-2,2,-4,4,7,7,-0.001,0.001,42,94,93
4070,2/5/2022,60,M,12,C,1219,24,75,82,0.308,1360,24,68,85,0.213,34,55,63,0.359,34,55,62,0.31,0,0,-7,7,3,3,-0.095,0.095,0,0,0,0,1,1,0.049,0.049,42,88,95
4070,2/20/2022,75,M,12,C,1194,20,78,76,0.168,1339,16,80,70,0.251,34,81,60,0.474,31,78,57,0.407,-4,4,2,2,-6,6,0.083,0.083,3,3,3,3,3,3,0.067,0.067,42,93,90
4070,3/7/2022,90,M,12,C,1028,16,76,77,0.273,1320,12,77,74,0.311,30,80,51,0.739,33,79,61,0.624,-4,4,1,1,-3,3,0.038,0.038,-3,3,1,1,-10,10,0.115,0.115,42,93,90
4070,4/6/2022,120,M,12,C,1032,12,72,71,0.171,1303,12,79,73,0.423,26,89,44,0.682,28,83,56,0.567,0,0,7,7,2,2,0.252,0.252,-2,2,6,6,-12,12,0.115,0.115,42,94,87
4071,1/12/2022,35,F,12,C,1363,28,23,64,0.047,954,30,33,61,0.073,,,,,,,,,2,2,10,10,-3,3,0.026,0.026,,,,,,,,,42,93,89
4071,1/22/2022,45,F,12,C,1195,30,63,65,0.147,1341,28,67,64,0.167,,,,,,,,,-2,2,4,4,-1,1,0.02,0.02,,,,,,,,,40,93,88
4071,2/6/2022,60,F,12,C,1211,28,69,79,0.356,1361,26,71,78,0.35,,,,,,,,,-2,2,2,2,-1,1,-0.006,0.006,,,,,,,,,42,94,91
4071,2/21/2022,75,F,12,C,1064,24,79,76,0.471,1345,26,79,78,0.231,,,,,,,,,2,2,0,0,2,2,-0.24,0.24,,,,,,,,,42,94,86
4071,3/8/2021,90,F,12,C,1175,22,79,77,0.436,1324,22,72,78,0.211,,,,,,,,,0,0,-7,7,1,1,-0.225,0.225,,,,,,,,,42,94,89
4071,4/7/2021,120,F,12,C,1039,22,71,77,0.302,1304,24,81,76,0.267,,,,,,,,,2,2,10,10,-1,1,-0.035,0.035,,,,,,,,,40,92,88
4072,1/13/2022,35,F,12,C,1345,28,31,70,0.119,1350,30,36,65,0.041,,,,,,,,,2,2,5,5,-5,5,-0.078,0.078,,,,,,,,,42,93,88
4072,1/23/2022,45,F,12,C,1087,34,66,72,0.185,,,,,0,,,,,,,,,-34,34,-66,66,-72,72,-0.185,0.185,,,,,,,,,42,94,88
4072,2/7/2022,60,F,12,C,942,28,79,78,0.44,1361,28,77,78,0.369,,,,,,,,,0,0,-2,2,0,0,-0.071,0.071,,,,,,,,,40,91,92
4072,2/22/2022,75,F,12,C,907,28,83,76,0.346,1325,30,78,81,0.24,,,,,,,,,2,2,-5,5,5,5,-0.106,0.106,,,,,,,,,42,94,89
4072,3/9/2022,90,F,12,C,1138,28,83,84,0.322,1308,28,77,85,0.209,,,,,,,,,0,0,-6,6,1,1,-0.113,0.113,,,,,,,,,42,92,93
4072,4/8/2022,120,F,12,C,1172,24,83,79,0.327,1312,24,78,78,0.354,,,,,,,,,0,0,-5,5,-1,1,0.027,0.027,,,,,,,,,40,91,88
4073,1/14/2022,35,M,12,C,1220,32,42,63,0.078,1349,30,54,56,0.031,,,,0,,,,0,-2,2,12,12,-7,7,-0.047,0.047,,,,,,,,,42,94,86
4073,1/24/2022,45,M,12,C,930,32,69,65,0.15,1344,25,69,67,0.081,36,66,51,0.015,,,,0,-7,7,0,0,2,2,-0.069,0.069,,,,,,,,,42,94,85
4073,2/8/2022,60,M,12,C,1072,24,80,81,0.323,1349,24,75,76,0.277,34,67,54,0.497,32,70,49,0.267,0,0,-5,5,-5,5,-0.046,0.046,2,2,-3,3,5,5,0.23,0.23,42,90,95
4073,2/23/2022,75,M,12,C,1323,18,74,77,0.283,1332,16,72,69,0.137,38,73,59,0.656,32,70,55,0.461,-2,2,-2,2,-8,8,-0.146,0.146,6,6,3,3,4,4,0.195,0.195,44,94,91
4073,3/12/2022,90,M,12,C,1316,16,81,75,0.33,1334,16,78,71,0.379,34,78,61,0.545,32,84,59,0.751,0,0,-3,3,-4,4,0.049,0.049,2,2,-6,6,2,2,-0.206,0.206,42,94,88
4073,4/9/2022,120,M,12,C,1151,16,83,75,0.351,1299,12,72,73,0.172,28,87,53,0.689,26,89,52,0.739,-4,4,-11,11,-2,2,-0.179,0.179,2,2,-2,2,1,1,-0.05,0.05,39,92,90
4074,1/31/2022,35,F,11,FR,1206,,,,0,1358,,,,0,,,,,,,,,0,0,0,0,0,0,0,0,,,,,,,,,42,94,89
4074,2/10/2021,45,F,11,FR,1073,30,42,60,0.088,1348,26,40,53,0.066,,,,,,,,,-4,4,-2,2,-7,7,-0.022,0.022,,,,,,,,,42,94,85
4074,2/25/2022,60,F,11,FR,1173,26,70,69,0.267,1311,26,64,69,0.128,,,,,,,,,0,0,-6,6,0,0,-0.139,0.139,,,,,,,,,42,94,89
4074,3/12/2022,75,F,11,FR,1186,26,77,78,0.337,1328,24,70,82,0.267,,,,,,,,,-2,2,-7,7,4,4,-0.07,0.07,,,,,,,,,42,94,87
4074,3/27/2022,90,F,11,FR,886,22,82,80,0.403,1316,26,76,80,0.306,,,,,,,,,4,4,-6,6,0,0,-0.097,0.097,,,,,,,,,40,91,89
4074,4/26/2022,120,F,11,FR,1284,26,86,79,0.397,1298,27,84,78,0.258,,,,,,,,,1,1,-2,2,-1,1,-0.139,0.139,,,,,,,,,40,93,86
4075,1/31/2022,35,M,11,FR,943,28,31,69,0.2,1344,26,23,69,0.153,,,,0,,,,0,-2,2,-8,8,0,0,-0.047,0.047,,,,,,,,,42,94,91
4075,2/10/2022,45,M,11,FR,1201,34,63,74,0.304,1347,30,61,71,0.144,,,,0,,,,0,-4,4,-2,2,-3,3,-0.16,0.16,,,,,,,,,42,94,86
4075,2/25/2022,60,M,11,FR,1156,28,73,81,0.264,1312,28,72,77,0.219,34,73,62,0.398,34,73,62,0.485,0,0,-1,1,-4,4,-0.045,0.045,0,0,0,0,0,0,-0.087,0.087,42,93,91
4075,3/12/2022,75,M,11,FR,1190,20,71,85,0.278,1333,22,67,83,0.222,32,73,64,0.429,34,77,68,0.868,2,2,-4,4,-2,2,-0.056,0.056,-2,2,-4,4,-4,4,-0.439,0.439,42,85,100
4075,3/27/2022,90,M,11,FR,1304,16,85,69,0.278,1328,14,77,66,0.223,28,86,48,0.785,30,84,53,0.621,-2,2,-8,8,-3,3,-0.055,0.055,-2,2,2,2,-5,5,0.164,0.164,40,94,81
4075,4/26/2022,120,M,11,FR,1029,14,87,72,0.248,1301,12,73,72,0.229,30,89,57,0.831,29,87,55,0.753,-2,2,-14,14,0,0,-0.019,0.019,1,1,2,2,2,2,0.078,0.078,39,93,85
4076,2/1/2022,35,M,11,FR,1330,26,23,61,0.051,1335,28,22,56,0.029,,,,0,,,,0,2,2,-1,1,-5,5,-0.022,0.022,,,,,,,,,44,95,94
4076,2/11/2022,45,M,11,FR,1201,28,64,77,0.084,1358,26,47,66,0.058,,,,0,,,,0,-2,2,-17,17,-11,11,-0.026,0.026,,,,,,,,,42,93,95
4076,2/26/2022,60,M,11,FR,1145,16,67,71,0.21,1310,20,51,75,0.197,34,69,61,0.455,30,76,53,0.509,4,4,-16,16,4,4,-0.013,0.013,4,4,-7,7,8,8,-0.054,0.054,42,93,91
4076,3/13/2021,75,M,11,FR,1183,16,76,76,0.37,1333,13,79,75,0.401,32,79,62,0.534,32,79,56,0.738,-3,3,3,3,-1,1,0.031,0.031,0,0,0,0,6,6,-0.204,0.204,42,94,87
4076,3/28/2022,90,M,11,FR,749,10,78,72,0.261,1291,10,75,73,0.189,28,82,53,0.399,28,85,51,0.645,0,0,-3,3,1,1,-0.072,0.072,0,0,-3,3,2,2,-0.246,0.246,40,92,89
4076,4/27/2022,120,M,11,FR,1156,10,77,70,0.377,1285,12,64,75,0.299,30,75,57,0.732,30,78,58,0.92,2,2,-13,13,5,5,-0.078,0.078,0,0,-3,3,-1,1,-0.188,0.188,42,94,85
4086,3/14/2022,35,M,17,FR,1163,26,45,54,0.022,1338,28,41,44,0.009,,,,0,,,,0,2,2,-4,4,-10,10,-0.013,0.013,,,,,,,,,42,94,87
4086,3/24/2022,45,M,17,FR,1329,32,66,73,0.163,1333,32,59,68,0.089,,,,0,,,,0,0,0,-7,7,-5,5,-0.074,0.074,,,,,,,,,42,92,93
4086,4/8/2022,60,M,17,FR,1296,24,81,73,0.203,1309,24,73,75,0.26,,,,0,32,60,49,0.337,0,0,-8,8,2,2,0.057,0.057,-32,32,-60,60,-49,49,-0.337,0.337,40,92,89
4086,4/23/2022,75,M,17,FR,1300,22,81,76,0.312,1304,22,74,73,0.183,33,71,61,0.52,36,66,62,0.576,0,0,-7,7,-3,3,-0.129,0.129,-3,3,5,5,-1,1,-0.056,0.056,42,92,88
4086,5/8/2022,90,M,17,FR,1119,16,75,75,0.211,1266,15,74,75,0.224,32,83,62,0.651,30,82,61,0.574,-1,1,-1,1,0,0,0.013,0.013,2,2,1,1,1,1,0.077,0.077,42,92,89
4086,6/7/2022,120,M,17,FR,1015,11,86,71,0.349,1272,12,85,72,0.325,28,91,52,0.88,28,89,55,0.787,1,1,-1,1,1,1,-0.024,0.024,0,0,2,2,-3,3,0.093,0.093,39,94,87
4087,3/16/2022,35,M,17,FR,1166,28,31,55,0.032,1328,28,28,67,0.006,,,,0,,,,0,0,0,-3,3,12,12,-0.026,0.026,,,,,,,,,40,93,90
4087,3/26/2022,45,M,17,FR,1312,28,68,60,0.156,1311,32,61,76,0.208,,,,0,,,,0,4,4,-7,7,16,16,0.052,0.052,,,,,,,,,42,94,85
4087,4/10/2022,60,M,17,FR,1175,26,74,73,0.165,1316,28,69,78,0.159,36,61,61,0.39,34,64,59,0.386,2,2,-5,5,5,5,-0.006,0.006,2,2,-3,3,2,2,0.004,0.004,40,93,89
4087,4/25/2022,75,M,17,FR,1167,20,79,72,0.196,1309,20,80,70,0.241,30,81,53,0.616,32,74,58,0.462,0,0,1,1,-2,2,0.045,0.045,-2,2,7,7,-5,5,0.154,0.154,40,92,89
4087,5/10/2022,90,M,17,FR,1161,20,73,75,0.189,1312,16,68,80,0.177,32,78,67,0.518,32,82,60,0.657,-4,4,-5,5,5,5,-0.012,0.012,0,0,-4,4,7,7,-0.139,0.139,42,94,89
4087,6/9/2022,120,M,17,FR,644,16,82,73,0.447,1340,14,76,69,0.202,32,89,60,0.876,38,90,69,1.291,-2,2,-6,6,-4,4,-0.245,0.245,-6,6,-1,1,-9,9,-0.415,0.415,41,95,94
4088,3/16/2022,35,M,17,FR,1293,24,64,51,0.028,1325,22,61,43,0.017,,,,0,,,,0,-2,2,-3,3,-8,8,-0.011,0.011,,,,,,,,,38,89,88
4088,3/26/2022,45,M,17,FR,1305,26,69,75,0.134,1325,22,57,66,0.083,,,,0,,,,0,-4,4,-12,12,-9,9,-0.051,0.051,,,,,,,,,42,85,98
4088,4/10/2022,60,M,17,FR,1153,20,84,70,0.261,1302,20,77,71,0.122,32,60,51,0.397,30,66,46,0.349,0,0,-7,7,1,1,-0.139,0.139,2,2,-6,6,5,5,0.048,0.048,40,92,87
4088,4/25/2022,75,M,17,FR,1162,16,82,72,0.217,1296,18,69,72,0.311,30,84,53,0.477,30,82,56,0.628,2,2,-13,13,0,0,0.094,0.094,0,0,2,2,-3,3,-0.151,0.151,40,91,90
4088,5/10/2022,90,M,17,FR,1294,14,83,72,0.362,1314,18,65,78,0.189,30,80,62,0.569,30,88,56,0.802,4,4,-18,18,6,6,-0.173,0.173,0,0,-8,8,6,6,-0.233,0.233,40,94,85
4088,6/9/2022,120,M,17,FR,647,10,74,74,0.268,1330,10,81,67,0.36,32,87,62,0.998,33,85,64,0.93,0,0,7,7,-7,7,0.092,0.092,-1,1,2,2,-2,2,0.068,0.068,42,92,91
4089,3/16/2022,35,M,20,FR,1296,26,57,61,0.056,1325,22,44,58,0.028,,,,0,,,,0,-4,4,-13,13,-3,3,-0.028,0.028,,,,,,,,,42,94,86
4089,3/26/2022,45,M,20,FR,1292,26,70,72,0.142,1326,22,68,62,0.131,,,,0,,,,0,-4,4,-2,2,-10,10,-0.011,0.011,,,,,,,,,42,91,92
4089,4/10/2022,60,M,20,FR,895,20,81,74,0.371,1299,18,75,76,0.197,34,57,55,0.01,36,58,51,0.044,-2,2,-6,6,2,2,-0.174,0.174,-2,2,-1,1,4,4,-0.034,0.034,40,91,90
4089,4/25/2022,75,M,20,FR,1039,14,88,67,0.394,1305,18,80,78,0.357,36,63,56,0.065,32,62,42,0.149,4,4,-8,8,11,11,-0.037,0.037,4,4,1,1,14,14,-0.084,0.084,40,94,79
4089,5/10/2022,90,M,20,FR,1306,12,75,75,0.228,1304,14,73,79,0.443,32,77,57,0.604,32,73,58,0.451,2,2,-2,2,4,4,0.215,0.215,0,0,4,4,-1,1,0.153,0.153,42,92,88
4089,6/9/2022,120,M,20,FR,1302,12,75,75,0.223,1302,14,73,79,0.429,32,77,57,0.593,32,72,58,0.469,2,2,-2,2,4,4,0.206,0.206,0,0,5,5,-1,1,0.124,0.124,42,92,88
4090,3/16/2022,35,M,20,FR,1299,28,20,54,0.006,1331,22,51,41,0.028,,,,0,,,,0,-6,6,31,31,-13,13,0.022,0.022,,,,,,,,,42,94,89
4090,3/26/2022,45,M,20,FR,1328,26,63,63,0.182,1312,26,52,63,0.155,,,,0,,,,0,0,0,-11,11,0,0,-0.027,0.027,,,,,,,,,42,92,92
4090,4/10/2022,60,M,20,FR,1305,20,69,67,0.246,1313,20,60,71,0.236,,,,0,34,55,45,0.04,0,0,-9,9,4,4,-0.01,0.01,-34,34,-55,55,-45,45,-0.04,0.04,42,94,84
4090,4/25/2022,75,M,20,FR,1166,16,85,73,0.32,1303,16,77,76,0.225,,,,0,32,65,45,0.053,0,0,-8,8,3,3,-0.095,0.095,-32,32,-65,65,-45,45,-0.053,0.053,40,91,90
4090,5/10/2022,90,M,20,FR,1171,16,73,76,0.232,1305,16,77,77,0.365,32,72,59,0.452,31,68,57,0.389,0,0,4,4,1,1,0.133,0.133,1,1,4,4,2,2,0.063,0.063,42,93,90
4090,6/9/2022,120,M,20,FR,646,12,70,72,0.258,1316,10,81,61,0.449,30,88,55,0.776,30,87,62,0.687,-2,2,11,11,-11,11,0.191,0.191,0,0,1,1,-7,7,0.089,0.089,42,94,92
4091,3/17/2022,35,F,20,FR,1176,36,32,40,0.017,1340,36,20,50,0.013,,,,,,,,,0,0,-12,12,10,10,-0.004,0.004,,,,,,,,,40,93,90
4091,3/27/2022,45,F,20,FR,1170,28,64,54,0.1,1318,30,53,60,0.07,,,,,,,,,2,2,-11,11,6,6,-0.03,0.03,,,,,,,,,40,94,83
4091,4/11/2022,60,F,20,FR,1168,28,78,71,0.314,1302,26,69,70,0.179,,,,,,,,,-2,2,-9,9,-1,1,-0.135,0.135,,,,,,,,,42,92,87
4091,4/26/2022,75,F,20,FR,1166,24,86,73,0.312,1298,28,73,75,0.323,,,,,,,,,4,4,-13,13,2,2,0.011,0.011,,,,,,,,,40,94,86
4091,5/11/2022,90,F,20,FR,1120,24,84,75,0.266,1261,25,81,73,0.311,,,,,,,,,1,1,-3,3,-2,2,0.045,0.045,,,,,,,,,40,93,88
4091,6/10/2022,120,F,20,FR,1013,22,87,69,0.405,1290,26,81,78,0.45,,,,,,,,,4,4,-6,6,9,9,0.045,0.045,,,,,,,,,40,94,82
4092,3/17/2022,35,F,20,FR,1170,,,,0,1336,,,,0,,,,,,,,,0,0,0,0,0,0,0,0,,,,,,,,,40,93,89
4092,3/27/2022,45,F,20,FR,1160,34,56,67,0.121,1310,30,46,55,0.06,,,,,,,,,-4,4,-10,10,-12,12,-0.061,0.061,,,,,,,,,42,93,92
4092,4/11/2022,60,F,20,FR,1300,30,80,67,0.195,1316,32,66,74,0.191,,,,,,,,,2,2,-14,14,7,7,-0.004,0.004,,,,,,,,,40,94,88
4092,4/26/2022,75,F,20,FR,1166,24,86,74,0.297,1300,28,83,77,0.312,,,,,,,,,4,4,-3,3,3,3,0.015,0.015,,,,,,,,,40,93,87
4092,5/11/2022,90,F,20,FR,1000,24,86,72,0.422,1266,26,81,79,0.25,,,,,,,,,2,2,-5,5,7,7,-0.172,0.172,,,,,,,,,40,94,80
4092,6/10/2022,120,F,20,FR,642,26,78,84,0.333,1308,23,75,78,0.327,,,,,,,,,-3,3,-3,3,-6,6,-0.006,0.006,,,,,,,,,42,90,94
4093,3/17/2022,35,M,19,C,1170,26,61,56,0.061,1336,26,55,59,0.045,,,,0,,,,0,0,0,-6,6,3,3,-0.016,0.016,,,,,,,,,42,94,87
4093,3/27/2022,45,M,19,C,1292,22,70,63,0.127,1314,24,66,67,0.125,,,,0,36,60,56,0.029,2,2,-4,4,4,4,-0.002,0.002,-36,36,-60,60,-56,56,-0.029,0.029,42,94,85
4093,4/11/2022,60,M,19,C,1180,22,72,74,0.349,1302,21,71,75,0.203,36,62,61,0.534,34,63,60,0.685,-1,1,-1,1,1,1,-0.146,0.146,2,2,-1,1,1,1,-0.151,0.151,42,92,87
4093,4/26/2022,75,M,19,C,1288,14,77,67,0.19,1303,16,70,67,0.161,30,77,49,0.552,28,80,48,0.537,2,2,-7,7,0,0,-0.029,0.029,2,2,-3,3,1,1,0.015,0.015,40,94,86
4093,5/11/2022,90,M,19,C,1005,12,82,67,0.432,1266,16,69,78,0.335,30,82,60,0.666,30,85,48,0.616,4,4,-13,13,11,11,-0.097,0.097,0,0,-3,3,12,12,0.05,0.05,40,94,79
4093,6/10/2022,120,M,19,C,913,12,76,77,0.36,1317,12,80,73,0.441,36,83,67,1.065,35,83,68,0.878,0,0,4,4,-4,4,0.081,0.081,1,1,0,0,-1,1,0.187,0.187,42,94,89
4094,3/17/2022,35,F,19,C,1044,24,44,51,0.071,1340,24,56,54,0.033,,,,,,,,,0,0,12,12,3,3,-0.038,0.038,,,,,,,,,42,94,85
4094,3/27/2022,45,F,19,C,1170,28,69,67,0.169,1325,26,52,69,0.089,,,,,,,,,-2,2,-17,17,2,2,-0.08,0.08,,,,,,,,,42,93,88
4094,4/11/2022,60,F,19,C,1184,24,82,65,0.326,1305,18,76,61,0.191,,,,,,,,,-6,6,-6,6,-4,4,-0.135,0.135,,,,,,,,,40,94,81
4094,4/26/2022,75,F,19,C,1294,22,86,73,0.271,1304,24,81,75,0.233,,,,,,,,,2,2,-5,5,2,2,-0.038,0.038,,,,,,,,,40,90,87
4094,5/11/2022,90,F,19,C,1254,18,86,73,0.262,1264,20,85,71,0.372,,,,,,,,,2,2,-1,1,-2,2,0.11,0.11,,,,,,,,,40,94,88
4094,6/10/2022,120,F,19,C,1044,18,82,68,0.253,1321,22,79,78,0.273,,,,,,,,,4,4,-3,3,10,10,0.02,0.02,,,,,,,,,40,94,81
4095,3/17/2022,35,F,19,C,1316,24,27,51,0.06,1340,18,43,41,0.023,,,,,,,,,-6,6,16,16,-10,10,-0.037,0.037,,,,,,,,,42,94,88
4095,3/27/2022,45,F,19,C,1170,24,63,58,0.163,1317,22,59,53,0.106,,,,,,,,,-2,2,-4,4,-5,5,-0.057,0.057,,,,,,,,,42,94,82
4095,4/11/2022,60,F,19,C,1153,20,80,67,0.285,1289,24,66,74,0.198,,,,,,,,,4,4,-14,14,7,7,-0.087,0.087,,,,,,,,,40,93,89
4095,4/26/2022,75,F,19,C,1167,18,86,73,0.356,1304,20,79,74,0.326,,,,,,,,,2,2,-7,7,1,1,-0.03,0.03,,,,,,,,,40,93,87
4095,5/11/2022,90,F,19,C,872,20,81,78,0.387,1280,16,78,67,0.192,,,,,,,,,-4,4,-3,3,-11,11,-0.195,0.195,,,,,,,,,42,93,89
4095,6/10/2022,120,F,19,C,132,20,82,76,0.328,1326,18,79,73,0.306,,,,,,,,,-2,2,-3,3,-3,3,-0.022,0.022,,,,,,,,,42,93,92
4099,3/19/2022,35,M,19,C,1171,26,45,60,0.096,1316,22,45,50,0.057,36,40,51,0.003,,,,0,-4,4,0,0,-10,10,-0.039,0.039,,,,,,,,,42,93,89
4099,3/29/2022,45,M,19,C,1002,24,71,68,0.172,1293,24,65,66,0.11,36,47,56,0.037,36,54,62,0.05,0,0,-6,6,-2,2,-0.062,0.062,0,0,-7,7,-6,6,-0.013,0.013,40,93,90
4099,4/13/2022,60,M,19,C,1285,20,77,71,0.263,1290,22,73,72,0.239,32,71,55,0.502,30,73,54,0.417,2,2,-4,4,1,1,-0.024,0.024,2,2,-2,2,1,1,0.085,0.085,40,91,89
4099,4/28/2022,75,M,19,C,1268,14,79,74,0.331,1280,18,65,77,0.267,30,79,58,0.658,28,83,50,0.592,4,4,-14,14,3,3,-0.064,0.064,2,2,-4,4,8,8,0.066,0.066,39,91,89
4099,5/13/2022,90,M,19,C,1159,12,84,74,0.299,1293,16,76,75,0.277,28,83,55,0.703,28,85,54,0.699,4,4,-8,8,1,1,-0.022,0.022,0,0,-2,2,1,1,0.004,0.004,40,92,88
4099,6/12/2022,120,M,19,C,375,12,73,78,0.385,1305,12,76,64,0.356,30,83,56,1.019,32,79,67,1.197,0,0,3,3,-14,14,-0.029,0.029,-2,2,4,4,-11,11,-0.178,0.178,42,93,98
4129,4/21/2022,35,M,15,FR,1164,28,51,53,0.05,1304,25,40,45,0.042,,,,0,,,,0,-3,3,-11,11,-8,8,-0.008,0.008,,,,,,,,,40,94,87
4129,5/1/2022,45,M,15,FR,1273,24,72,64,0.163,1278,24,64,59,0.184,,,,0,,,,0,0,0,-8,8,-5,5,0.021,0.021,,,,,,,,,42,94,84
4129,5/16/2022,60,M,15,FR,1270,22,78,75,0.319,1286,22,77,82,0.315,42,47,62,0.016,,,,0,0,0,-1,1,7,7,-0.004,0.004,42,42,47,47,62,62,0.016,0.016,42,94,89
4129,5/31/2022,75,M,15,FR,867,18,82,78,0.385,1278,16,73,76,0.232,42,49,55,0.02,34,42,53,0.095,-2,2,-9,9,-2,2,-0.153,0.153,8,8,7,7,2,2,-0.075,0.075,42,91,89
4129,6/15/2022,90,M,15,FR,1276,16,82,77,0.339,1304,12,86,73,0.311,30,76,53,0.622,32,70,58,0.438,-4,4,4,4,-4,4,-0.028,0.028,-2,2,6,6,-5,5,0.184,0.184,42,92,88
4129,7/15/2022,120,M,15,FR,989,10,83,71,0.404,1258,12,77,72,0.279,28,89,55,0.65,32,85,60,0.9,2,2,-6,6,1,1,-0.125,0.125,-4,4,4,4,-5,5,-0.25,0.25,42,94,85
4130,4/21/2022,35,F,15,FR,1303,30,21,47,0.023,1307,34,20,53,0.03,,,,,,,,,4,4,-1,1,6,6,0.007,0.007,,,,,,,,,38,90,87
4130,5/1/2022,45,F,15,FR,1280,32,61,62,0.114,1287,30,55,67,0.089,,,,,,,,,-2,2,-6,6,5,5,-0.025,0.025,,,,,,,,,42,94,84
4130,5/16/2022,60,F,15,FR,1273,30,81,72,0.225,1289,28,71,80,0.259,,,,,,,,,-2,2,-10,10,8,8,0.034,0.034,,,,,,,,,42,94,86
4130,5/31/2022,75,F,15,FR,751,26,89,72,0.372,1269,30,83,81,0.334,,,,,,,,,4,4,-6,6,9,9,-0.038,0.038,,,,,,,,,40,94,80
4130,6/15/2022,90,F,15,FR,1154,28,83,82,0.293,1312,26,83,70,0.261,,,,,,,,,-2,2,0,0,-12,12,-0.032,0.032,,,,,,,,,42,93,92
4130,7/15/2022,120,F,15,FR,981,24,87,79,0.271,1260,24,88,81,0.313,,,,,,,,,0,0,1,1,2,2,0.042,0.042,,,,,,,,,40,94,90
4131,4/22/2022,35,F,15,FR,1168,30,48,56,0.049,1297,30,43,61,0.077,,,,,,,,,0,0,-5,5,5,5,0.028,0.028,,,,,,,,,42,94,82
4131,5/2/2022,45,F,15,FR,1112,26,73,67,0.212,1250,24,63,66,0.208,,,,,,,,,-2,2,-10,10,-1,1,-0.004,0.004,,,,,,,,,40,94,89
4131,5/17/2022,60,F,15,FR,1167,24,77,75,0.22,1308,22,78,73,0.361,,,,,,,,,-2,2,1,1,-2,2,0.141,0.141,,,,,,,,,42,94,87
4131,6/1/2022,75,F,15,FR,998,18,88,76,0.289,1265,22,77,86,0.389,,,,,,,,,4,4,-11,11,10,10,0.1,0.1,,,,,,,,,40,93,89
4131,6/16/2022,90,F,15,FR,1276,16,85,72,0.253,1297,16,87,74,0.409,,,,,,,,,0,0,2,2,2,2,0.156,0.156,,,,,,,,,38,90,87
4131,7/16/2022,120,F,15,FR,1115,14,90,73,0.395,1278,16,89,77,0.433,,,,,,,,,2,2,-1,1,4,4,0.038,0.038,,,,,,,,,38,90,88
4132,4/22/2022,35,M,15,FR,1164,28,31,51,0.051,1308,28,16,58,0.047,,,,0,,,,0,0,0,-15,15,7,7,-0.004,0.004,,,,,,,,,38,90,86
4132,5/2/2022,45,M,15,FR,1109,28,70,62,0.222,1250,28,47,67,0.162,,,,0,38,46,46,0.008,0,0,-23,23,5,5,-0.06,0.06,-38,38,-46,46,-46,46,-0.008,0.008,40,94,83
4132,5/17/2022,60,M,15,FR,1040,26,81,72,0.265,1314,26,69,82,0.251,34,42,53,0.026,42,41,51,0.008,0,0,-12,12,10,10,-0.014,0.014,-8,8,1,1,2,2,0.018,0.018,42,94,85
4132,6/1/2022,75,M,15,FR,1126,20,83,70,0.227,1269,22,81,82,0.41,36,54,58,0.112,30,54,44,0.161,2,2,-2,2,12,12,0.183,0.183,6,6,0,0,14,14,-0.049,0.049,40,94,82
4132,6/16/2022,90,M,15,FR,1256,14,79,75,0.36,1284,16,87,76,0.426,29,79,51,0.751,29,79,53,0.643,2,2,8,8,1,1,0.066,0.066,0,0,0,0,-2,2,0.108,0.108,40,92,88
4132,7/16/2022,120,M,15,FR,863,10,85,69,0.36,1274,10,77,71,0.215,28,90,53,0.636,28,87,55,0.866,0,0,-8,8,2,2,-0.145,0.145,0,0,3,3,-2,2,-0.23,0.23,38,90,88
4133,4/23/2022,35,M,15,FR,1034,30,47,51,0.064,1300,36,36,51,0.085,,,,0,,,,0,6,6,-11,11,0,0,0.021,0.021,,,,,,,,,40,92,87
4133,5/3/2022,45,M,15,FR,989,32,63,71,0.129,1254,28,66,64,0.163,,,,0,,,,0,-4,4,3,3,-7,7,0.034,0.034,,,,,,,,,42,93,92
4133,5/18/2022,60,M,15,FR,900,28,80,78,0.376,1300,24,71,78,0.293,,,,0,32,66,51,0.106,-4,4,-9,9,0,0,-0.083,0.083,-32,32,-66,66,-51,51,-0.106,0.106,42,93,90
4133,6/2/2022,75,M,15,FR,1238,20,83,76,0.335,1251,18,81,69,0.278,30,56,40,0.159,30,62,46,0.28,-2,2,-2,2,-7,7,-0.057,0.057,0,0,-6,6,-6,6,-0.121,0.121,40,93,88
4133,6/17/2022,90,M,15,FR,1267,16,82,76,0.325,1292,18,77,79,0.312,30,68,52,0.529,30,76,53,0.66,2,2,-5,5,3,3,-0.013,0.013,0,0,-8,8,-1,1,-0.131,0.131,40,92,88
4133,7/17/2022,120,M,15,FR,1111,14,83,74,0.385,1275,14,83,76,0.414,28,87,56,0.657,27,86,55,0.823,0,0,0,0,2,2,0.029,0.029,1,1,1,1,1,1,-0.166,0.166,42,94,85
4134,4/25/2022,35,M,23,C,1174,26,37,51,0.077,1309,24,33,47,0.051,,,,0,,,,0,-2,2,-4,4,-4,4,-0.026,0.026,,,,,,,,,42,92,90
4134,5/5/2022,45,M,23,C,1247,26,71,65,0.213,1273,24,61,69,0.244,,,,0,,,,0,-2,2,-10,10,4,4,0.031,0.031,,,,,,,,,40,93,89
4134,5/20/2022,60,M,23,C,1155,24,76,80,0.35,1294,22,73,83,0.322,32,45,52,0.02,42,35,60,0.025,-2,2,-3,3,3,3,-0.028,0.028,-10,10,10,10,-8,8,-0.005,0.005,42,93,93
4134,6/4/2022,75,M,23,C,858,16,85,74,0.303,1245,18,85,74,0.408,34,53,47,0.356,32,54,41,0.188,2,2,0,0,0,0,0.105,0.105,2,2,-1,1,6,6,0.168,0.168,40,94,88
4134,6/19/2022,90,M,23,C,1252,12,83,72,0.352,1281,14,87,71,0.351,32,54,44,0.523,32,58,44,0.409,2,2,4,4,-1,1,-0.001,0.001,0,0,-4,4,0,0,0.114,0.114,40,90,86
4134,7/19/2022,120,M,23,C,1233,10,83,71,0.301,1271,11,82,72,0.271,34,76,55,0.741,32,79,52,0.599,1,1,-1,1,1,1,-0.03,0.03,2,2,-3,3,3,3,0.142,0.142,40,90,89
4135,4/25/2022,35,F,23,C,1162,24,34,37,0.006,1293,20,36,40,0.04,,,,,,,,,-4,4,2,2,3,3,0.034,0.034,,,,,,,,,40,91,90
4135,5/5/2022,45,F,23,C,863,30,61,70,0.137,1264,28,61,65,0.134,,,,,,,,,-2,2,0,0,-5,5,-0.003,0.003,,,,,,,,,42,90,94
4135,5/20/2022,60,F,23,C,1022,30,80,78,0.265,1291,28,78,71,0.392,,,,,,,,,-2,2,-2,2,-7,7,0.127,0.127,,,,,,,,,42,91,90
4135,6/4/2022,75,F,23,C,1266,26,86,79,0.257,1270,26,85,73,0.329,,,,,,,,,0,0,-1,1,-6,6,0.072,0.072,,,,,,,,,42,92,89
4135,6/19/2022,90,F,23,C,1146,20,88,74,0.403,1296,21,87,76,0.352,,,,,,,,,1,1,-1,1,2,2,-0.051,0.051,,,,,,,,,38,91,86
4135,7/19/2022,120,F,23,C,985,25,89,82,0.4,1265,26,90,78,0.328,,,,,,,,,1,1,1,1,-4,4,-0.072,0.072,,,,,,,,,40,93,90
4136,4/25/2022,35,M,23,C,1296,24,32,51,0.035,1302,24,30,48,0.03,,,,0,,,,0,0,0,-2,2,-3,3,-0.005,0.005,,,,,,,,,40,91,88
4136,5/5/2022,45,M,23,C,1236,26,57,72,0.091,1254,24,58,58,0.082,,,,0,,,,0,-2,2,1,1,-14,14,-0.009,0.009,,,,,,,,,42,88,95
4136,5/20/2022,60,M,23,C,1145,18,69,74,0.211,1285,20,64,76,0.198,32,58,56,0.18,34,50,55,0.228,2,2,-5,5,2,2,-0.013,0.013,-2,2,8,8,1,1,-0.048,0.048,42,92,93
4136,6/4/2022,75,M,23,C,740,14,83,66,0.194,1250,15,82,69,0.331,28,70,41,0.438,28,66,41,0.45,1,1,-1,1,3,3,0.137,0.137,0,0,4,4,0,0,-0.012,0.012,40,94,82
4136,6/19/2022,90,M,23,C,1259,12,86,68,0.275,1284,12,84,70,0.25,28,83,40,0.405,28,77,47,0.683,0,0,-2,2,2,2,-0.025,0.025,0,0,6,6,-7,7,-0.278,0.278,38,90,87
4136,7/19/2022,120,M,23,C,1113,11,84,73,0.234,1267,11,82,71,0.279,26,90,53,0.825,27,87,53,0.722,0,0,-2,2,-2,2,0.045,0.045,-1,1,3,3,0,0,0.103,0.103,40,93,90
4137,4/27/2022,35,M,23,C,1299,24,43,54,0.023,1300,22,40,48,0.041,,,,0,,,,0,-2,2,-3,3,-6,6,0.018,0.018,,,,,,,,,40,93,87
4137,5/7/2022,45,M,23,C,1125,24,66,74,0.184,1268,20,74,67,0.128,,,,0,,,,0,-4,4,8,8,-7,7,-0.056,0.056,,,,,,,,,42,88,94
4137,5/22/2022,60,M,23,C,1056,18,80,74,0.247,1314,18,72,78,0.358,34,56,58,0.358,35,55,57,0.505,0,0,-8,8,4,4,0.111,0.111,-1,1,1,1,1,1,-0.147,0.147,42,94,88
4137,6/6/2022,75,M,23,C,1130,12,76,73,0.338,1276,12,79,69,0.319,30,72,48,0.566,34,69,58,0.594,0,0,3,3,-4,4,-0.019,0.019,-4,4,3,3,-10,10,-0.028,0.028,40,93,87
4137,6/21/2022,90,M,23,C,1269,8,78,65,0.32,1288,8,85,67,0.362,29,79,46,0.536,32,73,48,0.466,0,0,7,7,2,2,0.042,0.042,-3,3,6,6,-2,2,0.07,0.07,38,90,87
4137,7/21/2022,120,M,23,C,1228,7,85,67,0.281,1271,10,79,66,0.219,30,86,53,0.659,32,84,62,0.869,3,3,-6,6,-1,1,-0.062,0.062,-2,2,2,2,-9,9,-0.21,0.21,40,93,90
4138,4/28/2022,35,F,23,C,1269,26,38,57,0.054,1283,28,37,48,0.029,,,,,,,,,2,2,-1,1,-9,9,-0.025,0.025,,,,,,,,,42,94,87
4138,5/8/2022,45,F,23,C,1277,26,64,59,0.112,1293,24,65,60,0.144,,,,,,,,,-2,2,1,1,1,1,0.032,0.032,,,,,,,,,42,94,85
4138,5/23/2022,60,F,23,C,1013,24,81,77,0.288,1278,24,84,70,0.339,,,,,,,,,0,0,3,3,-7,7,0.051,0.051,,,,,,,,,40,92,92
4138,6/7/2022,75,F,23,C,1025,20,88,74,0.298,1280,19,87,73,0.272,,,,,,,,,-1,1,-1,1,-1,1,-0.026,0.026,,,,,,,,,39,92,88
4138,6/22/2022,90,F,23,C,1259,18,87,71,0.249,1277,19,86,72,0.292,,,,,,,,,1,1,-1,1,1,1,0.043,0.043,,,,,,,,,37,90,86
4138,7/22/2022,120,F,23,C,1028,24,88,76,0.242,1306,27,84,79,0.384,,,,,,,,,3,3,-4,4,3,3,0.142,0.142,,,,,,,,,40,93,90
4140,5/6/2022,35,M,22,FR,1257,20,45,49,0.038,1239,22,48,52,0.061,,,,0,,,,0,2,2,3,3,3,3,0.023,0.023,,,,,,,,,40,93,89
4140,5/16/2022,45,M,22,FR,1023,24,67,68,0.205,1282,26,67,74,0.214,,,,0,,,,0,2,2,0,0,6,6,0.009,0.009,,,,,,,,,42,93,90
4140,5/31/2022,60,M,22,FR,1129,18,83,65,0.414,1277,20,72,76,0.295,28,57,41,0.138,26,60,35,0.218,2,2,-11,11,11,11,-0.119,0.119,2,2,-3,3,6,6,-0.08,0.08,40,94,81
4140,6/15/2022,75,M,22,FR,1123,18,81,78,0.28,1275,20,84,82,0.418,30,68,51,0.372,30,70,53,0.296,2,2,3,3,4,4,0.138,0.138,0,0,-2,2,-2,2,0.076,0.076,42,93,90
4140,6/30/2022,90,M,22,FR,1239,12,85,73,0.35,1262,14,85,69,0.276,26,87,44,0.637,27,86,49,0.758,2,2,0,0,-4,4,-0.074,0.074,-1,1,1,1,-5,5,-0.121,0.121,38,91,87
4140,7/30/2022,120,M,22,FR,932,15,88,83,0.44,1234,16,89,79,0.296,30,88,64,0.766,28,89,57,1.087,1,1,1,1,-4,4,-0.144,0.144,2,2,-1,1,7,7,-0.321,0.321,39,94,90
4141,5/7/2022,35,M,22,FR,1246,20,49,43,0.018,1253,26,39,58,0.052,,,,0,,,,0,6,6,-10,10,15,15,0.034,0.034,,,,,,,,,40,93,88
4141,5/17/2022,45,M,22,FR,1176,26,68,71,0.182,1313,24,60,69,0.144,,,,0,,,,0,-2,2,-8,8,-2,2,-0.038,0.038,,,,,,,,,42,91,92
4141,6/1/2022,60,M,22,FR,1020,18,78,61,0.15,1288,20,82,67,0.339,,,,0,,,,0,2,2,4,4,6,6,0.189,0.189,,,,,,,,,40,95,82
4141,6/16/2022,75,M,22,FR,1152,16,89,73,0.371,1308,17,88,75,0.331,28,64,33,0.083,30,54,44,0.073,1,1,-1,1,2,2,-0.04,0.04,-2,2,10,10,-11,11,0.01,0.01,40,92,87
4141,7/1/2022,90,M,22,FR,1269,12,85,73,0.338,1280,12,81,73,0.215,26,86,40,0.562,26,87,47,0.644,0,0,-4,4,0,0,-0.123,0.123,0,0,-1,1,-7,7,-0.082,0.082,38,90,88
4141,7/31/2022,120,M,22,FR,460,12,70,81,0.103,1218,10,81,71,0.335,24,89,45,0.595,30,73,59,0.359,-2,2,11,11,-10,10,0.232,0.232,-6,6,16,16,-14,14,0.236,0.236,40,91,95
4142,5/7/2022,35,M,27,C,1099,34,71,63,0.088,1252,34,55,65,0.079,,,,0,,,,0,0,0,-16,16,2,2,-0.009,0.009,,,,,,,,,40,94,89
4142,5/17/2022,45,M,27,C,1175,34,81,75,0.169,1310,32,70,75,0.233,,,,0,,,,0,-2,2,-11,11,0,0,0.064,0.064,,,,,,,,,42,91,91
4142,6/1/2022,60,M,27,C,1270,24,82,75,0.33,1284,26,72,76,0.245,30,59,43,0.218,30,68,41,0.242,2,2,-10,10,1,1,-0.085,0.085,0,0,-9,9,2,2,-0.024,0.024,40,93,89
4142,6/16/2022,75,M,27,C,1135,18,85,73,0.364,1285,22,89,69,0.361,28,72,33,0.35,30,69,42,0.43,4,4,4,4,-4,4,-0.003,0.003,-2,2,3,3,-9,9,-0.08,0.08,40,91,89
4142,7/1/2022,90,M,27,C,1260,20,85,80,0.353,1280,18,88,76,0.251,29,83,50,0.577,29,83,56,0.529,-2,2,3,3,-4,4,-0.102,0.102,0,0,0,0,-6,6,0.048,0.048,40,94,89
4142,7/31/2022,120,M,27,C,1240,26,86,93,0.346,1196,14,83,72,0.289,28,84,63,0.794,32,85,69,0.682,-12,12,-3,3,-21,21,-0.057,0.057,-4,4,-1,1,-6,6,0.112,0.112,42,96,91
4143,5/7/2022,35,F,27,C,1228,30,43,54,0.049,1263,30,28,61,0.031,,,,,,,,,0,0,-15,15,7,7,-0.018,0.018,,,,,,,,,40,93,82
4143,5/17/2022,45,F,27,C,1301,32,66,67,0.174,1307,30,56,71,0.122,,,,,,,,,-2,2,-10,10,4,4,-0.052,0.052,,,,,,,,,42,91,91
4143,6/1/2022,60,F,27,C,1140,26,82,67,0.332,1282,27,79,64,0.291,,,,,,,,,1,1,-3,3,-3,3,-0.041,0.041,,,,,,,,,40,94,80
4143,6/16/2022,75,F,27,C,1129,24,87,74,0.224,1281,26,89,69,0.337,,,,,,,,,2,2,2,2,-5,5,0.113,0.113,,,,,,,,,40,91,87
4143,7/1/2022,90,F,27,C,1266,26,85,77,0.257,1284,24,89,74,0.218,,,,,,,,,-2,2,4,4,-3,3,-0.039,0.039,,,,,,,,,38,90,88
4143,7/31/2022,120,F,27,C,1238,28,80,86,0.151,1190,26,82,87,0.183,,,,,,,,,-2,2,2,2,1,1,0.032,0.032,,,,,,,,,42,95,94
4144,5/8/2022,35,F,27,C,1003,24,37,51,0.063,1280,20,27,53,0.02,,,,,,,,,-4,4,-10,10,2,2,-0.043,0.043,,,,,,,,,42,92,89
4144,5/18/2022,45,F,27,C,1024,24,69,56,0.092,1298,26,56,64,0.098,,,,,,,,,2,2,-13,13,8,8,0.006,0.006,,,,,,,,,40,94,81
4144,6/2/2022,60,F,27,C,990,24,80,71,0.277,1269,20,72,71,0.209,,,,,,,,,-4,4,-8,8,0,0,-0.068,0.068,,,,,,,,,40,92,92
4144,6/17/2022,75,F,27,C,1261,19,88,71,0.277,1285,20,77,66,0.265,,,,,,,,,1,1,-11,11,-5,5,-0.012,0.012,,,,,,,,,40,90,87
4144,7/2/2022,90,F,27,C,1238,19,86,77,0.315,1276,19,85,76,0.268,,,,,,,,,0,0,-1,1,-1,1,-0.047,0.047,,,,,,,,,40,91,89
4144,8/1/2022,120,F,27,C,1085,18,88,73,0.388,1121,22,77,82,0.217,,,,,,,,,4,4,-11,11,9,9,-0.171,0.171,,,,,,,,,40,94,83
4145,5/9/2022,35,F,22,FR,1279,26,39,44,0.015,1289,26,31,42,0.007,,,,,,,,,0,0,-8,8,-2,2,-0.008,0.008,,,,,,,,,40,93,89
4145,5/19/2022,45,F,22,FR,1008,28,62,62,0.141,1290,24,49,63,0.06,,,,,,,,,-4,4,-13,13,1,1,-0.081,0.081,,,,,,,,,42,92,91
4145,6/3/2022,60,F,22,FR,1042,22,81,67,0.17,1296,22,82,65,0.291,,,,,,,,,0,0,1,1,-2,2,0.121,0.121,,,,,,,,,40,93,89
4145,6/18/2022,75,F,22,FR,1283,20,89,75,0.367,1296,21,87,72,0.233,,,,,,,,,1,1,-2,2,-3,3,-0.134,0.134,,,,,,,,,38,90,88
4145,7/3/2022,90,F,22,FR,1114,22,89,79,0.507,1270,22,84,79,0.284,,,,,,,,,0,0,-5,5,0,0,-0.223,0.223,,,,,,,,,40,92,89
4145,8/2/2022,120,F,22,FR,1234,21,89,72,0.356,1255,22,85,78,0.243,,,,,,,,,1,1,-4,4,6,6,-0.113,0.113,,,,,,,,,40,94,82
4146,5/9/2022,35,F,25,FR,1269,28,50,58,0.038,1291,24,55,60,0.025,,,,,,,,,-4,4,5,5,2,2,-0.013,0.013,,,,,,,,,40,91,87
4146,5/19/2022,45,F,25,FR,1034,32,67,73,0.137,1299,30,69,65,0.122,,,,,,,,,-2,2,2,2,-8,8,-0.015,0.015,,,,,,,,,42,91,91
4146,6/3/2022,60,F,25,FR,1181,24,84,71,0.245,1302,28,77,85,0.337,,,,,,,,,4,4,-7,7,14,14,0.092,0.092,,,,,,,,,40,94,81
4146,6/18/2022,75,F,25,FR,1148,20,84,77,0.318,1292,22,90,78,0.326,,,,,,,,,2,2,6,6,1,1,0.008,0.008,,,,,,,,,38,88,87
4146,7/3/2022,90,F,25,FR,1121,18,88,75,0.23,1288,19,87,75,0.213,,,,,,,,,1,1,-1,1,0,0,-0.017,0.017,,,,,,,,,38,90,87
4146,8/2/2022,120,F,25,FR,1134,21,86,80,0.357,1284,22,90,72,0.257,,,,,,,,,1,1,4,4,-8,8,-0.1,0.1,,,,,,,,,40,93,89
4147,5/9/2022,35,F,27,C,1148,26,49,42,0.051,1284,24,33,45,0.039,,,,,,,,,-2,2,-16,16,3,3,-0.012,0.012,,,,,,,,,40,93,89
4147,5/19/2022,45,F,27,C,1000,32,72,68,0.229,1305,32,62,72,0.106,,,,,,,,,0,0,-10,10,4,4,-0.123,0.123,,,,,,,,,42,91,92
4147,6/3/2022,60,F,27,C,1170,28,81,73,0.276,1296,26,77,71,0.236,,,,,,,,,-2,2,-4,4,-2,2,-0.04,0.04,,,,,,,,,40,93,89
4147,6/18/2022,75,F,27,C,1274,28,82,66,0.315,1301,26,91,66,0.294,,,,,,,,,-2,2,9,9,0,0,-0.021,0.021,,,,,,,,,40,94,76
4147,7/3/2022,90,F,27,C,875,24,90,76,0.279,1279,26,86,80,0.383,,,,,,,,,2,2,-4,4,4,4,0.104,0.104,,,,,,,,,40,92,88
4147,8/2/2022,120,F,27,C,1095,26,86,76,0.213,1255,30,83,80,0.25,,,,,,,,,4,4,-3,3,4,4,0.037,0.037,,,,,,,,,40,93,89
4148,5/10/2022,35,M,25,FR,1035,38,58,62,0.026,1292,34,45,62,0.024,,,,0,,,,0,-4,4,-13,13,0,0,-0.002,0.002,,,,,,,,,42,91,89
4148,5/20/2022,45,M,25,FR,1027,32,61,64,0.09,1294,36,50,71,0.09,,,,0,,,,0,4,4,-11,11,7,7,0,0,,,,,,,,,42,94,86
4148,6/4/2022,60,M,25,FR,892,22,80,66,0.23,1284,26,75,79,0.228,32,45,47,0.007,42,42,54,0.013,4,4,-5,5,13,13,-0.002,0.002,-10,10,3,3,-7,7,-0.006,0.006,40,94,82
4148,6/19/2022,75,M,25,FR,1288,16,89,73,0.364,1307,17,88,75,0.384,34,58,39,0.016,34,54,51,0.126,1,1,-1,1,2,2,0.02,0.02,0,0,4,4,-12,12,-0.11,0.11,40,91,86
4148,7/4/2022,90,M,25,FR,1134,12,84,69,0.26,1275,14,86,72,0.268,28,81,46,0.399,30,80,54,0.649,2,2,2,2,3,3,0.008,0.008,-2,2,1,1,-8,8,-0.25,0.25,40,93,87
4148,8/3/2022,120,M,25,FR,1254,12,75,67,0.253,1278,16,75,83,0.337,34,76,67,0.814,32,82,58,0.71,4,4,0,0,16,16,0.084,0.084,2,2,-6,6,9,9,0.104,0.104,40,94,83
4151,5/11/2022,35,F,25,FR,1004,26,48,49,0.041,1270,26,27,62,0.046,,,,,,,,,0,0,-21,21,13,13,0.005,0.005,,,,,,,,,40,94,81
4151,5/21/2022,45,F,25,FR,1010,32,69,67,0.115,1291,32,62,73,0.118,,,,,,,,,0,0,-7,7,6,6,0.003,0.003,,,,,,,,,42,94,88
4151,6/5/2022,60,F,25,FR,998,26,79,76,0.57,1270,22,87,68,0.29,,,,,,,,,-4,4,8,8,-8,8,-0.28,0.28,,,,,,,,,41,93,87
4151,6/20/2022,75,F,25,FR,1145,18,89,74,0.324,1301,24,84,79,0.386,,,,,,,,,6,6,-5,5,5,5,0.062,0.062,,,,,,,,,38,90,87
4151,7/5/2022,90,F,25,FR,1253,18,89,74,0.356,1279,20,87,78,0.354,,,,,,,,,2,2,-2,2,4,4,-0.002,0.002,,,,,,,,,38,91,85
4151,8/4/2022,120,F,25,FR,1207,20,88,80,0.358,1232,18,85,79,0.323,,,,,,,,,-2,2,-3,3,-1,1,-0.035,0.035,,,,,,,,,40,93,90
4152,5/11/2022,35,F,25,FR,1006,30,39,52,0.032,1267,,,,0,,,,,,,,,-30,30,-39,39,-52,52,-0.032,0.032,,,,,,,,,40,94,82
4152,5/21/2022,45,F,25,FR,1012,38,53,70,0.084,1287,32,46,65,0.142,,,,,,,,,-6,6,-7,7,-5,5,0.058,0.058,,,,,,,,,42,92,91
4152,6/5/2022,60,F,25,FR,998,30,85,69,0.196,1264,27,83,68,0.302,,,,,,,,,-3,3,-2,2,-1,1,0.106,0.106,,,,,,,,,40,94,80
4152,6/20/2022,75,F,25,FR,1278,26,81,78,0.275,1298,26,87,80,0.385,,,,,,,,,0,0,6,6,2,2,0.11,0.11,,,,,,,,,40,93,88
4152,7/5/2022,90,F,25,FR,1121,24,89,76,0.272,1281,24,88,75,0.277,,,,,,,,,0,0,-1,1,-1,1,0.005,0.005,,,,,,,,,38,91,87
4152,8/4/2022,120,F,25,FR,1100,26,86,71,0.266,1249,25,88,73,0.281,,,,,,,,,-1,1,2,2,2,2,0.015,0.015,,,,,,,,,40,94,83
4153,5/13/2022,35,M,29,FR,1154,28,28,53,0.075,1290,28,25,61,0.084,,,,0,,,,0,0,0,-3,3,8,8,0.009,0.009,,,,,,,,,40,94,82
4153,5/23/2022,45,M,29,FR,1016,32,69,65,0.139,1278,30,66,62,0.111,,,,0,,,,0,-2,2,-3,3,-3,3,-0.028,0.028,,,,,,,,,42,94,84
4153,6/7/2022,60,M,29,FR,900,28,76,71,0.177,1276,29,74,73,0.232,36,50,50,0.05,36,46,50,0.079,1,1,-2,2,2,2,0.055,0.055,0,0,4,4,0,0,-0.029,0.029,42,94,87
4153,6/22/2022,75,M,29,FR,1253,18,83,72,0.316,1273,18,85,73,0.292,19,84,69,0.335,36,49,52,0.142,0,0,2,2,1,1,-0.024,0.024,-17,17,35,35,17,17,0.193,0.193,40,91,88
4153,7/7/2022,90,M,29,FR,1250,16,86,71,0.318,1281,14,85,67,0.209,30,65,47,0.198,34,64,57,0.247,-2,2,-1,1,-4,4,-0.109,0.109,-4,4,1,1,-10,10,-0.049,0.049,40,94,86
4153,8/6/2022,120,M,29,FR,1071,12,80,68,0.251,1236,11,82,73,0.328,30,85,58,0.933,30,85,54,0.914,-1,1,2,2,5,5,0.077,0.077,0,0,0,0,4,4,0.019,0.019,40,94,82
4158,5/15/2022,35,F,29,FR,1139,28,45,55,0.062,1287,28,40,54,0.027,,,,,,,,,0,0,-5,5,-1,1,-0.035,0.035,,,,,,,,,42,94,86
4158,5/25/2022,45,F,29,FR,988,26,74,65,0.162,1260,28,66,63,0.066,,,,,,,,,2,2,-8,8,-2,2,-0.096,0.096,,,,,,,,,40,92,89
4158,6/9/2022,60,F,29,FR,907,24,80,75,0.203,1315,22,85,64,0.184,,,,,,,,,-2,2,5,5,-11,11,-0.019,0.019,,,,,,,,,42,92,89
4158,6/24/2022,75,F,29,FR,971,18,89,70,0.219,1265,19,86,71,0.189,,,,,,,,,1,1,-3,3,1,1,-0.03,0.03,,,,,,,,,38,91,86
4158,7/9/2022,90,F,29,FR,1108,19,87,74,0.247,1268,19,85,76,0.191,,,,,,,,,0,0,-2,2,2,2,-0.056,0.056,,,,,,,,,40,93,88
4158,8/8/2022,120,F,29,FR,1264,20,81,75,0.227,1284,20,82,75,0.166,,,,,,,,,0,0,1,1,0,0,-0.061,0.061,,,,,,,,,40,93,87
4159,5/11/2022,35,M,27,C,1138,32,38,39,0.003,1274,28,39,58,0.009,,,,0,,,,0,-4,4,1,1,19,19,0.006,0.006,,,,,,,,,40,94,80
4159,5/21/2022,45,M,27,C,1143,26,67,63,0.079,1285,22,70,54,0.081,,,,0,,,,0,-4,4,3,3,-9,9,0.002,0.002,,,,,,,,,42,93,90
4159,6/5/2022,60,M,27,C,861,20,80,66,0.19,1247,20,81,68,0.182,30,74,46,0.546,29,68,42,0.357,0,0,1,1,2,2,-0.008,0.008,1,1,6,6,4,4,0.189,0.189,40,93,89
4159,6/20/2022,75,M,27,C,1290,16,86,72,0.201,1272,15,84,69,0.221,31,75,49,0.533,30,81,49,0.588,-1,1,-2,2,-3,3,0.02,0.02,1,1,-6,6,0,0,-0.055,0.055,40,94,89
4159,7/5/2022,90,M,27,C,1130,12,87,69,0.249,1281,12,82,69,0.196,26,89,45,0.553,25,89,47,0.627,0,0,-5,5,0,0,-0.053,0.053,1,1,0,0,-2,2,-0.074,0.074,37,90,86
4159,8/4/2022,120,M,27,C,1283,12,72,67,0.35,1303,14,72,79,0.242,28,82,58,0.572,28,87,53,0.625,2,2,0,0,12,12,-0.108,0.108,0,0,-5,5,5,5,-0.053,0.053,40,94,83
4160,5/10/2022,35,M,22,FR,1139,,,,0,1273,,,,0,,,,0,,,,0,0,0,0,0,0,0,0,0,,,,,,,,,39,93,87
4160,5/20/2022,45,M,22,FR,1144,24,64,61,0.156,1282,26,48,69,0.1,,,,0,,,,0,2,2,-16,16,8,8,-0.056,0.056,,,,,,,,,42,94,87
4160,6/4/2022,60,M,22,FR,900,18,82,64,0.298,1288,26,75,80,0.297,32,56,58,0.008,,,,0,8,8,-7,7,16,16,-0.001,0.001,,,,,,,,,40,94,83
4160,6/19/2022,75,M,22,FR,1281,18,84,71,0.272,1289,17,83,73,0.399,30,81,47,0.732,32,72,54,0.703,-1,1,-1,1,2,2,0.127,0.127,-2,2,9,9,-7,7,0.029,0.029,38,89,88
4160,7/4/2022,90,M,22,FR,1270,14,87,71,0.411,1282,12,80,73,0.261,28,86,50,0.812,30,82,55,0.842,-2,2,-7,7,2,2,-0.15,0.15,-2,2,4,4,-5,5,-0.03,0.03,38,91,86
4160,8/3/2022,120,M,22,FR,1214,12,78,70,0.379,1248,14,78,80,0.329,28,81,54,0.591,28,85,51,0.847,2,2,0,0,10,10,-0.05,0.05,0,0,-4,4,3,3,-0.256,0.256,39,94,83
4161,5/19/2022,35,M,14,C,1011,26,36,66,0.108,1285,26,30,68,0.112,,,,0,,,,0,0,0,-6,6,2,2,0.004,0.004,,,,,,,,,42,94,89
4161,5/29/2022,45,M,14,C,1084,28,70,71,0.171,1242,28,63,76,0.139,,,,0,28,42,44,0.054,0,0,-7,7,5,5,-0.032,0.032,-28,28,-42,42,-44,44,-0.054,0.054,42,93,87
4161,6/13/2022,60,M,14,C,1285,22,80,73,0.219,1306,24,75,80,0.281,30,72,55,0.629,28,74,51,0.455,2,2,-5,5,7,7,0.062,0.062,2,2,-2,2,4,4,0.174,0.174,42,94,86
4161,6/28/2022,75,M,14,C,1082,16,88,73,0.277,1245,16,84,72,0.202,26,83,37,0.386,24,86,40,0.475,0,0,-4,4,-1,1,-0.075,0.075,2,2,-3,3,-3,3,-0.089,0.089,39,92,89
4161,7/13/2022,90,M,14,C,1230,12,83,72,0.291,1273,15,84,75,0.259,26,85,49,0.448,24,87,45,0.673,3,3,1,1,3,3,-0.032,0.032,2,2,-2,2,4,4,-0.225,0.225,40,93,89
4161,8/12/2022,120,M,14,C,1227,12,80,73,0.363,1251,11,78,72,0.289,24,84,49,0.704,26,86,48,0.74,-1,1,-2,2,-1,1,-0.074,0.074,-2,2,-2,2,1,1,-0.036,0.036,39,92,89
4162,5/13/2022,35,F,29,FR,1285,32,36,43,0.015,1288,34,28,55,0.039,,,,,,,,,2,2,-8,8,12,12,0.024,0.024,,,,,,,,,40,94,81
4162,5/23/2022,45,F,29,FR,892,30,71,56,0.076,1283,28,65,61,0.096,,,,,,,,,-2,2,-6,6,5,5,0.02,0.02,,,,,,,,,40,93,83
4163,5/20/2022,35,M,14,C,1031,26,68,61,0.165,1293,26,40,67,0.126,,,,0,,,,0,0,0,-28,28,6,6,-0.039,0.039,,,,,,,,,40,94,82
4163,5/30/2022,45,M,14,C,846,24,81,65,0.207,1241,22,76,63,0.213,30,47,40,0.04,34,49,39,0.026,-2,2,-5,5,-2,2,0.006,0.006,-4,4,-2,2,1,1,0.014,0.014,40,93,88
4163,6/14/2022,60,M,14,C,1297,16,83,69,0.288,1324,18,75,71,0.266,30,72,48,0.629,30,73,45,0.492,2,2,-8,8,2,2,-0.022,0.022,0,0,-1,1,3,3,0.137,0.137,38,91,87
4163,6/29/2022,75,M,14,C,1226,12,77,73,0.188,1242,12,78,68,0.322,24,84,40,0.475,26,82,45,0.565,0,0,1,1,-5,5,0.134,0.134,-2,2,2,2,-5,5,-0.09,0.09,40,94,87
4163,7/14/2022,90,M,14,C,1240,12,85,71,0.254,1281,11,83,75,0.222,24,88,45,0.553,27,85,48,0.659,-1,1,-2,2,4,4,-0.032,0.032,-3,3,3,3,-3,3,-0.106,0.106,38,89,89
4163,8/13/2022,120,M,14,C,1286,9,83,67,0.387,1302,10,79,73,0.356,24,90,41,0.968,24,90,45,0.805,1,1,-4,4,6,6,-0.031,0.031,0,0,0,0,-4,4,0.163,0.163,40,94,81
4164,5/20/2022,35,M,14,C,1031,26,59,65,0.171,1294,22,61,58,0.191,,,,0,,,,0,-4,4,2,2,-7,7,0.02,0.02,,,,,,,,,42,94,86
4164,5/30/2022,45,M,14,C,980,24,73,75,0.228,1250,22,65,75,0.173,34,50,49,0.005,,,,0,-2,2,-8,8,0,0,-0.055,0.055,,,,,,,,,42,89,95
4164,6/14/2022,60,M,14,C,1290,16,88,71,0.228,1325,16,82,72,0.263,29,68,44,0.496,28,71,41,0.227,0,0,-6,6,1,1,0.035,0.035,1,1,-3,3,3,3,0.269,0.269,40,94,86
4164,6/29/2022,75,M,14,C,1235,12,81,72,0.286,1253,12,78,76,0.283,26,76,51,0.6,28,77,49,0.623,0,0,-3,3,4,4,-0.003,0.003,-2,2,-1,1,2,2,-0.023,0.023,40,93,88
4164,7/14/2022,90,M,14,C,1114,10,84,68,0.261,1274,10,81,71,0.29,24,89,51,0.661,25,85,48,0.82,0,0,-3,3,3,3,0.029,0.029,-1,1,4,4,3,3,-0.159,0.159,39,90,90
4164,8/13/2022,120,M,14,C,1136,8,83,67,0.319,1294,10,78,67,0.224,24,89,48,1.033,24,90,49,1.028,2,2,-5,5,0,0,-0.095,0.095,0,0,-1,1,-1,1,0.005,0.005,39,93,89
4165,5/21/2022,35,F,14,C,1014,26,49,56,0.073,1288,26,41,56,0.057,,,,,,,,,0,0,-8,8,0,0,-0.016,0.016,,,,,,,,,40,94,84
4165,5/31/2022,45,F,14,C,617,26,79,60,0.16,1269,24,73,58,0.117,,,,,,,,,-2,2,-6,6,-2,2,-0.043,0.043,,,,,,,,,40,94,82
4165,6/15/2022,60,F,14,C,1016,20,70,72,0.127,1304,20,80,65,0.192,,,,,,,,,0,0,10,10,-7,7,0.065,0.065,,,,,,,,,42,92,91
4165,6/30/2022,75,F,14,C,1247,18,85,75,0.225,1267,18,86,73,0.208,,,,,,,,,0,0,1,1,-2,2,-0.017,0.017,,,,,,,,,38,90,87
4165,7/15/2022,90,F,14,C,1095,20,86,78,0.297,1266,20,80,75,0.137,,,,,,,,,0,0,-6,6,-3,3,-0.16,0.16,,,,,,,,,40,94,91
4165,8/14/2022,120,F,14,C,1111,18,84,75,0.309,1272,16,81,75,0.212,,,,,,,,,-2,2,-3,3,0,0,-0.097,0.097,,,,,,,,,40,93,89
4166,5/22/2022,35,M,14,C,1052,28,41,67,0.048,1313,26,40,67,0.113,,,,0,,,,0,-2,2,-1,1,0,0,0.065,0.065,,,,,,,,,42,88,95
4166,6/1/2022,45,M,14,C,1020,18,71,60,0.161,1284,22,69,72,0.196,,,,0,,,,0,4,4,-2,2,12,12,0.035,0.035,,,,,,,,,40,94,81
4166,6/16/2022,60,M,14,C,1008,16,82,66,0.26,1282,16,75,67,0.337,28,75,43,0.542,28,70,42,0.366,0,0,-7,7,1,1,0.077,0.077,0,0,5,5,1,1,0.176,0.176,40,92,89
4166,7/1/2022,75,M,14,C,1255,12,76,72,0.182,1281,12,84,72,0.324,26,87,45,0.712,28,81,55,0.445,0,0,8,8,0,0,0.142,0.142,-2,2,6,6,-10,10,0.267,0.267,42,94,86
4166,7/16/2022,90,M,14,C,857,10,85,67,0.257,1268,10,85,70,0.27,24,92,48,0.781,24,90,47,0.614,0,0,0,0,3,3,0.013,0.013,0,0,2,2,1,1,0.167,0.167,39,90,90
4166,8/15/2022,120,M,14,C,1264,8,77,67,0.224,1272,10,79,70,0.265,26,84,52,0.723,24,84,49,0.616,2,2,2,2,3,3,0.041,0.041,2,2,0,0,3,3,0.107,0.107,40,94,88
